event_id,user_id,event_name,ts,session_id,properties
evt_000506,user_0122,signup_started,2026-05-01T12:00:00Z,s_0122_01,{}
evt_000507,user_0122,signup_completed,2026-05-01T12:08:00Z,s_0122_01,{}
evt_000508,user_0122,onboarding_step_viewed,2026-05-01T12:21:00Z,s_0122_01,"{""step"":1}"
evt_000509,user_0122,feature_used,2026-05-01T12:44:00Z,s_0122_01,"{""feature"":""board""}"
evt_000251,user_0058,signup_started,2026-05-01T13:00:00Z,s_0058_01,{}
evt_000252,user_0058,signup_completed,2026-05-01T13:07:00Z,s_0058_01,{}
evt_000253,user_0058,session_abandoned,2026-05-01T13:09:00Z,s_0058_01,{}
evt_000721,user_0165,signup_started,2026-05-01T14:00:00Z,s_0165_01,{}
evt_000722,user_0165,signup_completed,2026-05-01T14:06:00Z,s_0165_01,{}
evt_000723,user_0165,onboarding_step_viewed,2026-05-01T14:09:00Z,s_0165_01,"{""step"":1}"
evt_000724,user_0165,feature_used,2026-05-01T14:15:00Z,s_0165_01,"{""feature"":""board""}"
evt_000090,user_0023,signup_started,2026-05-01T17:00:00Z,s_0023_01,{}
evt_000091,user_0023,signup_completed,2026-05-01T17:04:00Z,s_0023_01,{}
evt_000092,user_0023,onboarding_step_viewed,2026-05-01T17:17:00Z,s_0023_01,"{""step"":1}"
evt_000093,user_0023,feature_used,2026-05-01T17:21:00Z,s_0023_01,"{""feature"":""board""}"
evt_000156,user_0037,signup_started,2026-05-02T08:00:00Z,s_0037_01,{}
evt_000842,user_0193,signup_started,2026-05-02T08:00:00Z,s_0193_01,{}
evt_000157,user_0037,signup_completed,2026-05-02T08:03:00Z,s_0037_01,{}
evt_000843,user_0193,signup_completed,2026-05-02T08:05:00Z,s_0193_01,{}
evt_000158,user_0037,onboarding_step_viewed,2026-05-02T08:09:00Z,s_0037_01,"{""step"":1}"
evt_000159,user_0037,error_shown,2026-05-02T08:10:00Z,s_0037_01,"{""code"":""onboarding_timeout""}"
evt_000844,user_0193,onboarding_step_viewed,2026-05-02T08:19:00Z,s_0193_01,"{""step"":1}"
evt_000845,user_0193,feature_used,2026-05-02T08:22:00Z,s_0193_01,"{""feature"":""board""}"
evt_000160,user_0037,feature_used,2026-05-02T08:34:00Z,s_0037_01,"{""feature"":""board""}"
evt_000161,user_0037,activation_completed,2026-05-02T08:36:00Z,s_0037_01,{}
evt_000846,user_0193,activation_completed,2026-05-02T08:41:00Z,s_0193_01,{}
evt_000164,user_0038,signup_started,2026-05-02T12:00:00Z,s_0038_01,{}
evt_000165,user_0038,signup_completed,2026-05-02T12:01:00Z,s_0038_01,{}
evt_000166,user_0038,session_abandoned,2026-05-02T12:03:00Z,s_0038_01,{}
evt_000661,user_0150,signup_started,2026-05-02T15:00:00Z,s_0150_01,{}
evt_000662,user_0150,session_abandoned,2026-05-02T15:05:00Z,s_0150_01,{}
evt_000125,user_0030,signup_started,2026-05-02T16:00:00Z,s_0030_01,{}
evt_000126,user_0030,signup_completed,2026-05-02T16:03:00Z,s_0030_01,{}
evt_000127,user_0030,onboarding_step_viewed,2026-05-02T16:06:00Z,s_0030_01,"{""step"":1}"
evt_000128,user_0030,feature_used,2026-05-02T16:12:00Z,s_0030_01,"{""feature"":""board""}"
evt_000444,user_0104,signup_started,2026-05-02T17:00:00Z,s_0104_01,{}
evt_000445,user_0104,signup_completed,2026-05-02T17:05:00Z,s_0104_01,{}
evt_000446,user_0104,session_abandoned,2026-05-02T17:07:00Z,s_0104_01,{}
evt_000022,user_0006,signup_started,2026-05-02T18:00:00Z,s_0006_01,{}
evt_000100,user_0025,signup_started,2026-05-02T18:00:00Z,s_0025_01,{}
evt_000101,user_0025,signup_completed,2026-05-02T18:02:00Z,s_0025_01,{}
evt_000023,user_0006,signup_completed,2026-05-02T18:05:00Z,s_0006_01,{}
evt_000024,user_0006,session_abandoned,2026-05-02T18:07:00Z,s_0006_01,{}
evt_000102,user_0025,onboarding_step_viewed,2026-05-02T18:15:00Z,s_0025_01,"{""step"":1}"
evt_000103,user_0025,session_abandoned,2026-05-02T18:18:00Z,s_0025_01,{}
evt_000135,user_0032,signup_started,2026-05-03T08:00:00Z,s_0032_01,{}
evt_000136,user_0032,signup_completed,2026-05-03T08:02:00Z,s_0032_01,{}
evt_000137,user_0032,onboarding_step_viewed,2026-05-03T08:07:00Z,s_0032_01,"{""step"":1}"
evt_000138,user_0032,feature_used,2026-05-03T08:21:00Z,s_0032_01,"{""feature"":""board""}"
evt_000966,user_0220,signup_started,2026-05-03T14:00:00Z,s_0220_01,{}
evt_000967,user_0220,signup_completed,2026-05-03T14:03:00Z,s_0220_01,{}
evt_000968,user_0220,session_abandoned,2026-05-03T14:05:00Z,s_0220_01,{}
evt_000357,user_0081,signup_started,2026-05-03T18:00:00Z,s_0081_01,{}
evt_000533,user_0127,signup_started,2026-05-03T18:00:00Z,s_0127_01,{}
evt_000534,user_0127,signup_completed,2026-05-03T18:01:00Z,s_0127_01,{}
evt_000358,user_0081,signup_completed,2026-05-03T18:05:00Z,s_0081_01,{}
evt_000359,user_0081,session_abandoned,2026-05-03T18:07:00Z,s_0081_01,{}
evt_000535,user_0127,onboarding_step_viewed,2026-05-03T18:08:00Z,s_0127_01,"{""step"":1}"
evt_000536,user_0127,feature_used,2026-05-03T18:29:00Z,s_0127_01,"{""feature"":""board""}"
evt_000537,user_0127,activation_completed,2026-05-03T18:48:00Z,s_0127_01,{}
evt_000338,user_0078,signup_started,2026-05-04T09:00:00Z,s_0078_01,{}
evt_000339,user_0078,signup_completed,2026-05-04T09:02:00Z,s_0078_01,{}
evt_000340,user_0078,onboarding_step_viewed,2026-05-04T09:14:00Z,s_0078_01,"{""step"":1}"
evt_000341,user_0078,error_shown,2026-05-04T09:15:00Z,s_0078_01,"{""code"":""onboarding_timeout""}"
evt_000342,user_0078,feature_used,2026-05-04T09:35:00Z,s_0078_01,"{""feature"":""board""}"
evt_000470,user_0111,signup_started,2026-05-04T11:00:00Z,s_0111_01,{}
evt_000471,user_0111,signup_completed,2026-05-04T11:06:00Z,s_0111_01,{}
evt_000472,user_0111,onboarding_step_viewed,2026-05-04T11:19:00Z,s_0111_01,"{""step"":1}"
evt_000473,user_0111,session_abandoned,2026-05-04T11:22:00Z,s_0111_01,{}
evt_000189,user_0045,signup_started,2026-05-04T12:00:00Z,s_0045_01,{}
evt_000716,user_0164,signup_started,2026-05-04T12:00:00Z,s_0164_01,{}
evt_000717,user_0164,signup_completed,2026-05-04T12:03:00Z,s_0164_01,{}
evt_000190,user_0045,signup_completed,2026-05-04T12:05:00Z,s_0045_01,{}
evt_000718,user_0164,onboarding_step_viewed,2026-05-04T12:13:00Z,s_0164_01,"{""step"":1}"
evt_000719,user_0164,error_shown,2026-05-04T12:14:00Z,s_0164_01,"{""code"":""onboarding_timeout""}"
evt_000191,user_0045,onboarding_step_viewed,2026-05-04T12:16:00Z,s_0045_01,"{""step"":1}"
evt_000192,user_0045,session_abandoned,2026-05-04T12:19:00Z,s_0045_01,{}
evt_000720,user_0164,feature_used,2026-05-04T12:23:00Z,s_0164_01,"{""feature"":""board""}"
evt_000895,user_0202,signup_started,2026-05-04T14:00:00Z,s_0202_01,{}
evt_000896,user_0202,signup_completed,2026-05-04T14:01:00Z,s_0202_01,{}
evt_000897,user_0202,onboarding_step_viewed,2026-05-04T14:07:00Z,s_0202_01,"{""step"":1}"
evt_000898,user_0202,session_abandoned,2026-05-04T14:10:00Z,s_0202_01,{}
evt_000367,user_0084,signup_started,2026-05-04T15:00:00Z,s_0084_01,{}
evt_000368,user_0084,signup_completed,2026-05-04T15:07:00Z,s_0084_01,{}
evt_000369,user_0084,session_abandoned,2026-05-04T15:09:00Z,s_0084_01,{}
evt_000566,user_0132,signup_started,2026-05-04T18:00:00Z,s_0132_01,{}
evt_000567,user_0132,signup_completed,2026-05-04T18:04:00Z,s_0132_01,{}
evt_000568,user_0132,onboarding_step_viewed,2026-05-04T18:09:00Z,s_0132_01,"{""step"":1}"
evt_000569,user_0132,session_abandoned,2026-05-04T18:12:00Z,s_0132_01,{}
evt_000349,user_0080,signup_started,2026-05-04T20:00:00Z,s_0080_01,{}
evt_000770,user_0176,signup_started,2026-05-04T20:00:00Z,s_0176_01,{}
evt_000350,user_0080,signup_completed,2026-05-04T20:04:00Z,s_0080_01,{}
evt_000351,user_0080,onboarding_step_viewed,2026-05-04T20:07:00Z,s_0080_01,"{""step"":1}"
evt_000771,user_0176,signup_completed,2026-05-04T20:07:00Z,s_0176_01,{}
evt_000352,user_0080,error_shown,2026-05-04T20:08:00Z,s_0080_01,"{""code"":""onboarding_timeout""}"
evt_000353,user_0080,feature_used,2026-05-04T20:12:00Z,s_0080_01,"{""feature"":""board""}"
evt_000772,user_0176,onboarding_step_viewed,2026-05-04T20:15:00Z,s_0176_01,"{""step"":1}"
evt_000354,user_0080,activation_completed,2026-05-04T20:27:00Z,s_0080_01,{}
evt_000773,user_0176,feature_used,2026-05-04T20:40:00Z,s_0176_01,"{""feature"":""board""}"
evt_000774,user_0176,activation_completed,2026-05-04T20:58:00Z,s_0176_01,{}
evt_000217,user_0052,signup_started,2026-05-05T08:00:00Z,s_0052_01,{}
evt_000218,user_0052,signup_completed,2026-05-05T08:08:00Z,s_0052_01,{}
evt_000219,user_0052,onboarding_step_viewed,2026-05-05T08:22:00Z,s_0052_01,"{""step"":1}"
evt_000220,user_0052,error_shown,2026-05-05T08:23:00Z,s_0052_01,"{""code"":""onboarding_timeout""}"
evt_000221,user_0052,feature_used,2026-05-05T08:45:00Z,s_0052_01,"{""feature"":""board""}"
evt_000437,user_0102,signup_started,2026-05-05T09:00:00Z,s_0102_01,{}
evt_000438,user_0102,signup_completed,2026-05-05T09:05:00Z,s_0102_01,{}
evt_000439,user_0102,onboarding_step_viewed,2026-05-05T09:18:00Z,s_0102_01,"{""step"":1}"
evt_000440,user_0102,feature_used,2026-05-05T09:31:00Z,s_0102_01,"{""feature"":""board""}"
evt_000880,user_0199,signup_started,2026-05-05T11:00:00Z,s_0199_01,{}
evt_000881,user_0199,signup_completed,2026-05-05T11:07:00Z,s_0199_01,{}
evt_000882,user_0199,onboarding_step_viewed,2026-05-05T11:09:00Z,s_0199_01,"{""step"":1}"
evt_000883,user_0199,error_shown,2026-05-05T11:10:00Z,s_0199_01,"{""code"":""onboarding_timeout""}"
evt_000884,user_0199,session_abandoned,2026-05-05T11:12:00Z,s_0199_01,{}
evt_000697,user_0159,signup_started,2026-05-05T17:00:00Z,s_0159_01,{}
evt_000698,user_0159,signup_completed,2026-05-05T17:03:00Z,s_0159_01,{}
evt_000699,user_0159,onboarding_step_viewed,2026-05-05T17:16:00Z,s_0159_01,"{""step"":1}"
evt_000700,user_0159,session_abandoned,2026-05-05T17:19:00Z,s_0159_01,{}
evt_000051,user_0013,signup_started,2026-05-05T18:00:00Z,s_0013_01,{}
evt_000836,user_0191,signup_started,2026-05-05T18:00:00Z,s_0191_01,{}
evt_000837,user_0191,signup_completed,2026-05-05T18:02:00Z,s_0191_01,{}
evt_000838,user_0191,onboarding_step_viewed,2026-05-05T18:06:00Z,s_0191_01,"{""step"":1}"
evt_000052,user_0013,signup_completed,2026-05-05T18:07:00Z,s_0013_01,{}
evt_000839,user_0191,feature_used,2026-05-05T18:14:00Z,s_0191_01,"{""feature"":""board""}"
evt_000053,user_0013,onboarding_step_viewed,2026-05-05T18:15:00Z,s_0013_01,"{""step"":1}"
evt_000054,user_0013,session_abandoned,2026-05-05T18:18:00Z,s_0013_01,{}
evt_000244,user_0057,signup_started,2026-05-05T19:00:00Z,s_0057_01,{}
evt_000245,user_0057,signup_completed,2026-05-05T19:07:00Z,s_0057_01,{}
evt_000246,user_0057,onboarding_step_viewed,2026-05-05T19:17:00Z,s_0057_01,"{""step"":1}"
evt_000247,user_0057,feature_used,2026-05-05T19:33:00Z,s_0057_01,"{""feature"":""board""}"
evt_000248,user_0057,activation_completed,2026-05-05T19:53:00Z,s_0057_01,{}
evt_000501,user_0120,signup_started,2026-05-05T20:00:00Z,s_0120_01,{}
evt_000502,user_0120,session_abandoned,2026-05-05T20:04:00Z,s_0120_01,{}
evt_000462,user_0108,signup_started,2026-05-06T09:00:00Z,s_0108_01,{}
evt_000463,user_0108,signup_completed,2026-05-06T09:06:00Z,s_0108_01,{}
evt_000464,user_0108,session_abandoned,2026-05-06T09:08:00Z,s_0108_01,{}
evt_000598,user_0140,signup_started,2026-05-06T10:00:00Z,s_0140_01,{}
evt_000599,user_0140,signup_completed,2026-05-06T10:07:00Z,s_0140_01,{}
evt_000600,user_0140,onboarding_step_viewed,2026-05-06T10:20:00Z,s_0140_01,"{""step"":1}"
evt_000601,user_0140,feature_used,2026-05-06T10:39:00Z,s_0140_01,"{""feature"":""board""}"
evt_000602,user_0140,activation_completed,2026-05-06T10:54:00Z,s_0140_01,{}
evt_000081,user_0021,signup_started,2026-05-06T12:00:00Z,s_0021_01,{}
evt_000082,user_0021,signup_completed,2026-05-06T12:07:00Z,s_0021_01,{}
evt_000083,user_0021,session_abandoned,2026-05-06T12:09:00Z,s_0021_01,{}
evt_000031,user_0009,signup_started,2026-05-06T16:00:00Z,s_0009_01,{}
evt_000032,user_0009,signup_completed,2026-05-06T16:03:00Z,s_0009_01,{}
evt_000033,user_0009,onboarding_step_viewed,2026-05-06T16:09:00Z,s_0009_01,"{""step"":1}"
evt_000034,user_0009,feature_used,2026-05-06T16:29:00Z,s_0009_01,"{""feature"":""board""}"
evt_000035,user_0009,activation_completed,2026-05-06T16:41:00Z,s_0009_01,{}
evt_000380,user_0087,signup_started,2026-05-06T17:00:00Z,s_0087_01,{}
evt_000381,user_0087,signup_completed,2026-05-06T17:08:00Z,s_0087_01,{}
evt_000382,user_0087,session_abandoned,2026-05-06T17:10:00Z,s_0087_01,{}
evt_000013,user_0004,signup_started,2026-05-06T19:00:00Z,s_0004_01,{}
evt_000701,user_0160,signup_started,2026-05-06T19:00:00Z,s_0160_01,{}
evt_000014,user_0004,signup_completed,2026-05-06T19:05:00Z,s_0004_01,{}
evt_000702,user_0160,signup_completed,2026-05-06T19:07:00Z,s_0160_01,{}
evt_000015,user_0004,onboarding_step_viewed,2026-05-06T19:19:00Z,s_0004_01,"{""step"":1}"
evt_000703,user_0160,onboarding_step_viewed,2026-05-06T19:20:00Z,s_0160_01,"{""step"":1}"
evt_000016,user_0004,feature_used,2026-05-06T19:25:00Z,s_0004_01,"{""feature"":""board""}"
evt_000704,user_0160,feature_used,2026-05-06T19:32:00Z,s_0160_01,"{""feature"":""board""}"
evt_000017,user_0004,activation_completed,2026-05-06T19:38:00Z,s_0004_01,{}
evt_000642,user_0146,signup_started,2026-05-06T20:00:00Z,s_0146_01,{}
evt_000755,user_0173,signup_started,2026-05-06T20:00:00Z,s_0173_01,{}
evt_000643,user_0146,signup_completed,2026-05-06T20:08:00Z,s_0146_01,{}
evt_000756,user_0173,signup_completed,2026-05-06T20:08:00Z,s_0173_01,{}
evt_000644,user_0146,onboarding_step_viewed,2026-05-06T20:22:00Z,s_0146_01,"{""step"":1}"
evt_000757,user_0173,onboarding_step_viewed,2026-05-06T20:22:00Z,s_0173_01,"{""step"":1}"
evt_000758,user_0173,error_shown,2026-05-06T20:23:00Z,s_0173_01,"{""code"":""onboarding_timeout""}"
evt_000645,user_0146,session_abandoned,2026-05-06T20:25:00Z,s_0146_01,{}
evt_000759,user_0173,session_abandoned,2026-05-06T20:25:00Z,s_0173_01,{}
evt_000162,user_0037,return_visit,2026-05-07T01:00:00Z,s_0037_02,{}
evt_000163,user_0037,feature_used,2026-05-07T01:05:00Z,s_0037_02,"{""feature"":""board""}"
evt_000510,user_0122,return_visit,2026-05-07T04:00:00Z,s_0122_02,{}
evt_000511,user_0122,billing_viewed,2026-05-07T04:18:00Z,s_0122_02,{}
evt_000094,user_0023,return_visit,2026-05-07T06:00:00Z,s_0023_02,{}
evt_000322,user_0074,signup_started,2026-05-07T11:00:00Z,s_0074_01,{}
evt_000933,user_0212,signup_started,2026-05-07T11:00:00Z,s_0212_01,{}
evt_000934,user_0212,session_abandoned,2026-05-07T11:03:00Z,s_0212_01,{}
evt_000323,user_0074,signup_completed,2026-05-07T11:05:00Z,s_0074_01,{}
evt_000324,user_0074,onboarding_step_viewed,2026-05-07T11:19:00Z,s_0074_01,"{""step"":1}"
evt_000325,user_0074,feature_used,2026-05-07T11:25:00Z,s_0074_01,"{""feature"":""board""}"
evt_000397,user_0091,signup_started,2026-05-07T12:00:00Z,s_0091_01,{}
evt_000398,user_0091,signup_completed,2026-05-07T12:05:00Z,s_0091_01,{}
evt_000399,user_0091,onboarding_step_viewed,2026-05-07T12:18:00Z,s_0091_01,"{""step"":1}"
evt_000400,user_0091,feature_used,2026-05-07T12:41:00Z,s_0091_01,"{""feature"":""board""}"
evt_000708,user_0162,signup_started,2026-05-07T13:00:00Z,s_0162_01,{}
evt_000709,user_0162,signup_completed,2026-05-07T13:08:00Z,s_0162_01,{}
evt_000710,user_0162,onboarding_step_viewed,2026-05-07T13:14:00Z,s_0162_01,"{""step"":1}"
evt_000711,user_0162,feature_used,2026-05-07T13:30:00Z,s_0162_01,"{""feature"":""board""}"
evt_000112,user_0027,signup_started,2026-05-07T14:00:00Z,s_0027_01,{}
evt_000113,user_0027,session_abandoned,2026-05-07T14:02:00Z,s_0027_01,{}
evt_000278,user_0065,signup_started,2026-05-07T15:00:00Z,s_0065_01,{}
evt_000279,user_0065,signup_completed,2026-05-07T15:06:00Z,s_0065_01,{}
evt_000280,user_0065,onboarding_step_viewed,2026-05-07T15:17:00Z,s_0065_01,"{""step"":1}"
evt_000281,user_0065,session_abandoned,2026-05-07T15:20:00Z,s_0065_01,{}
evt_000095,user_0024,signup_started,2026-05-07T16:00:00Z,s_0024_01,{}
evt_000096,user_0024,signup_completed,2026-05-07T16:08:00Z,s_0024_01,{}
evt_000097,user_0024,onboarding_step_viewed,2026-05-07T16:17:00Z,s_0024_01,"{""step"":1}"
evt_000098,user_0024,feature_used,2026-05-07T16:23:00Z,s_0024_01,"{""feature"":""board""}"
evt_000167,user_0039,signup_started,2026-05-07T18:00:00Z,s_0039_01,{}
evt_000834,user_0190,signup_started,2026-05-07T18:00:00Z,s_0190_01,{}
evt_000168,user_0039,signup_completed,2026-05-07T18:02:00Z,s_0039_01,{}
evt_000835,user_0190,session_abandoned,2026-05-07T18:03:00Z,s_0190_01,{}
evt_000169,user_0039,onboarding_step_viewed,2026-05-07T18:12:00Z,s_0039_01,"{""step"":1}"
evt_000170,user_0039,feature_used,2026-05-07T18:34:00Z,s_0039_01,"{""feature"":""board""}"
evt_000036,user_0010,signup_started,2026-05-08T08:00:00Z,s_0010_01,{}
evt_000037,user_0010,signup_completed,2026-05-08T08:07:00Z,s_0010_01,{}
evt_000038,user_0010,onboarding_step_viewed,2026-05-08T08:12:00Z,s_0010_01,"{""step"":1}"
evt_000039,user_0010,feature_used,2026-05-08T08:37:00Z,s_0010_01,"{""feature"":""board""}"
evt_000040,user_0010,activation_completed,2026-05-08T08:54:00Z,s_0010_01,{}
evt_000171,user_0040,signup_started,2026-05-08T10:00:00Z,s_0040_01,{}
evt_000172,user_0040,session_abandoned,2026-05-08T10:02:00Z,s_0040_01,{}
evt_000104,user_0026,signup_started,2026-05-08T11:00:00Z,s_0026_01,{}
evt_000775,user_0176,return_visit,2026-05-08T11:00:00Z,s_0176_02,{}
evt_000776,user_0176,feature_used,2026-05-08T11:05:00Z,s_0176_02,"{""feature"":""board""}"
evt_000105,user_0026,signup_completed,2026-05-08T11:08:00Z,s_0026_01,{}
evt_000106,user_0026,onboarding_step_viewed,2026-05-08T11:12:00Z,s_0026_01,"{""step"":1}"
evt_000107,user_0026,feature_used,2026-05-08T11:17:00Z,s_0026_01,"{""feature"":""board""}"
evt_000108,user_0026,activation_completed,2026-05-08T11:36:00Z,s_0026_01,{}
evt_000737,user_0169,signup_started,2026-05-08T14:00:00Z,s_0169_01,{}
evt_000738,user_0169,signup_completed,2026-05-08T14:08:00Z,s_0169_01,{}
evt_000739,user_0169,onboarding_step_viewed,2026-05-08T14:23:00Z,s_0169_01,"{""step"":1}"
evt_000740,user_0169,feature_used,2026-05-08T14:26:00Z,s_0169_01,"{""feature"":""board""}"
evt_000705,user_0161,signup_started,2026-05-08T16:00:00Z,s_0161_01,{}
evt_000706,user_0161,signup_completed,2026-05-08T16:08:00Z,s_0161_01,{}
evt_000707,user_0161,session_abandoned,2026-05-08T16:10:00Z,s_0161_01,{}
evt_000847,user_0193,return_visit,2026-05-09T00:00:00Z,s_0193_02,{}
evt_000848,user_0193,feature_used,2026-05-09T00:05:00Z,s_0193_02,"{""feature"":""board""}"
evt_000538,user_0127,return_visit,2026-05-09T06:00:00Z,s_0127_02,{}
evt_000539,user_0127,feature_used,2026-05-09T06:05:00Z,s_0127_02,"{""feature"":""board""}"
evt_000540,user_0127,invite_sent,2026-05-09T06:12:00Z,s_0127_02,{}
evt_000185,user_0044,signup_started,2026-05-09T13:00:00Z,s_0044_01,{}
evt_000186,user_0044,signup_completed,2026-05-09T13:07:00Z,s_0044_01,{}
evt_000187,user_0044,onboarding_step_viewed,2026-05-09T13:22:00Z,s_0044_01,"{""step"":1}"
evt_000188,user_0044,session_abandoned,2026-05-09T13:25:00Z,s_0044_01,{}
evt_000027,user_0008,signup_started,2026-05-09T15:00:00Z,s_0008_01,{}
evt_000496,user_0118,signup_started,2026-05-09T15:00:00Z,s_0118_01,{}
evt_000497,user_0118,session_abandoned,2026-05-09T15:03:00Z,s_0118_01,{}
evt_000028,user_0008,signup_completed,2026-05-09T15:06:00Z,s_0008_01,{}
evt_000029,user_0008,onboarding_step_viewed,2026-05-09T15:13:00Z,s_0008_01,"{""step"":1}"
evt_000030,user_0008,feature_used,2026-05-09T15:37:00Z,s_0008_01,"{""feature"":""board""}"
evt_000343,user_0078,return_visit,2026-05-09T19:00:00Z,s_0078_02,{}
evt_000678,user_0154,signup_started,2026-05-09T19:00:00Z,s_0154_01,{}
evt_000679,user_0154,session_abandoned,2026-05-09T19:05:00Z,s_0154_01,{}
evt_000236,user_0056,signup_started,2026-05-09T20:00:00Z,s_0056_01,{}
evt_000411,user_0094,signup_started,2026-05-09T20:00:00Z,s_0094_01,{}
evt_000237,user_0056,signup_completed,2026-05-09T20:05:00Z,s_0056_01,{}
evt_000412,user_0094,signup_completed,2026-05-09T20:07:00Z,s_0094_01,{}
evt_000238,user_0056,onboarding_step_viewed,2026-05-09T20:15:00Z,s_0056_01,"{""step"":1}"
evt_000413,user_0094,onboarding_step_viewed,2026-05-09T20:21:00Z,s_0094_01,"{""step"":1}"
evt_000414,user_0094,session_abandoned,2026-05-09T20:24:00Z,s_0094_01,{}
evt_000239,user_0056,feature_used,2026-05-09T20:32:00Z,s_0056_01,"{""feature"":""board""}"
evt_000240,user_0056,activation_completed,2026-05-09T20:43:00Z,s_0056_01,{}
evt_000929,user_0211,signup_started,2026-05-10T08:00:00Z,s_0211_01,{}
evt_000930,user_0211,signup_completed,2026-05-10T08:02:00Z,s_0211_01,{}
evt_000931,user_0211,onboarding_step_viewed,2026-05-10T08:11:00Z,s_0211_01,"{""step"":1}"
evt_000932,user_0211,session_abandoned,2026-05-10T08:14:00Z,s_0211_01,{}
evt_000074,user_0019,signup_started,2026-05-10T11:00:00Z,s_0019_01,{}
evt_000209,user_0050,signup_started,2026-05-10T11:00:00Z,s_0050_01,{}
evt_000075,user_0019,signup_completed,2026-05-10T11:02:00Z,s_0019_01,{}
evt_000210,user_0050,signup_completed,2026-05-10T11:06:00Z,s_0050_01,{}
evt_000076,user_0019,onboarding_step_viewed,2026-05-10T11:11:00Z,s_0019_01,"{""step"":1}"
evt_000077,user_0019,session_abandoned,2026-05-10T11:14:00Z,s_0019_01,{}
evt_000211,user_0050,onboarding_step_viewed,2026-05-10T11:15:00Z,s_0050_01,"{""step"":1}"
evt_000212,user_0050,feature_used,2026-05-10T11:23:00Z,s_0050_01,"{""feature"":""board""}"
evt_000618,user_0143,signup_started,2026-05-10T13:00:00Z,s_0143_01,{}
evt_000619,user_0143,signup_completed,2026-05-10T13:08:00Z,s_0143_01,{}
evt_000620,user_0143,onboarding_step_viewed,2026-05-10T13:12:00Z,s_0143_01,"{""step"":1}"
evt_000621,user_0143,error_shown,2026-05-10T13:13:00Z,s_0143_01,"{""code"":""onboarding_timeout""}"
evt_000622,user_0143,feature_used,2026-05-10T13:22:00Z,s_0143_01,"{""feature"":""board""}"
evt_000623,user_0143,activation_completed,2026-05-10T13:35:00Z,s_0143_01,{}
evt_000202,user_0048,signup_started,2026-05-10T16:00:00Z,s_0048_01,{}
evt_000203,user_0048,signup_completed,2026-05-10T16:07:00Z,s_0048_01,{}
evt_000204,user_0048,onboarding_step_viewed,2026-05-10T16:20:00Z,s_0048_01,"{""step"":1}"
evt_000205,user_0048,feature_used,2026-05-10T16:36:00Z,s_0048_01,"{""feature"":""board""}"
evt_000956,user_0218,signup_started,2026-05-10T17:00:00Z,s_0218_01,{}
evt_000957,user_0218,signup_completed,2026-05-10T17:06:00Z,s_0218_01,{}
evt_000958,user_0218,onboarding_step_viewed,2026-05-10T17:18:00Z,s_0218_01,"{""step"":1}"
evt_000959,user_0218,feature_used,2026-05-10T17:25:00Z,s_0218_01,"{""feature"":""board""}"
evt_000465,user_0109,signup_started,2026-05-10T18:00:00Z,s_0109_01,{}
evt_000516,user_0124,signup_started,2026-05-10T18:00:00Z,s_0124_01,{}
evt_000683,user_0156,signup_started,2026-05-10T18:00:00Z,s_0156_01,{}
evt_000466,user_0109,session_abandoned,2026-05-10T18:03:00Z,s_0109_01,{}
evt_000517,user_0124,signup_completed,2026-05-10T18:03:00Z,s_0124_01,{}
evt_000518,user_0124,onboarding_step_viewed,2026-05-10T18:05:00Z,s_0124_01,"{""step"":1}"
evt_000684,user_0156,signup_completed,2026-05-10T18:07:00Z,s_0156_01,{}
evt_000519,user_0124,feature_used,2026-05-10T18:11:00Z,s_0124_01,"{""feature"":""board""}"
evt_000685,user_0156,onboarding_step_viewed,2026-05-10T18:20:00Z,s_0156_01,"{""step"":1}"
evt_000520,user_0124,activation_completed,2026-05-10T18:30:00Z,s_0124_01,{}
evt_000686,user_0156,feature_used,2026-05-10T18:35:00Z,s_0156_01,"{""feature"":""board""}"
evt_000415,user_0095,signup_started,2026-05-10T19:00:00Z,s_0095_01,{}
evt_000416,user_0095,signup_completed,2026-05-10T19:08:00Z,s_0095_01,{}
evt_000417,user_0095,session_abandoned,2026-05-10T19:10:00Z,s_0095_01,{}
evt_000922,user_0209,signup_started,2026-05-10T20:00:00Z,s_0209_01,{}
evt_000923,user_0209,signup_completed,2026-05-10T20:04:00Z,s_0209_01,{}
evt_000924,user_0209,onboarding_step_viewed,2026-05-10T20:13:00Z,s_0209_01,"{""step"":1}"
evt_000925,user_0209,feature_used,2026-05-10T20:24:00Z,s_0209_01,"{""feature"":""board""}"
evt_000926,user_0209,activation_completed,2026-05-10T20:44:00Z,s_0209_01,{}
evt_000603,user_0140,return_visit,2026-05-11T00:00:00Z,s_0140_02,{}
evt_000604,user_0140,feature_used,2026-05-11T00:05:00Z,s_0140_02,"{""feature"":""board""}"
evt_000777,user_0177,signup_started,2026-05-11T09:00:00Z,s_0177_01,{}
evt_000778,user_0177,signup_completed,2026-05-11T09:05:00Z,s_0177_01,{}
evt_000779,user_0177,onboarding_step_viewed,2026-05-11T09:16:00Z,s_0177_01,"{""step"":1}"
evt_000780,user_0177,feature_used,2026-05-11T09:33:00Z,s_0177_01,"{""feature"":""board""}"
evt_000781,user_0177,activation_completed,2026-05-11T09:36:00Z,s_0177_01,{}
evt_000890,user_0201,signup_started,2026-05-11T10:00:00Z,s_0201_01,{}
evt_000891,user_0201,signup_completed,2026-05-11T10:05:00Z,s_0201_01,{}
evt_000892,user_0201,onboarding_step_viewed,2026-05-11T10:15:00Z,s_0201_01,"{""step"":1}"
evt_000893,user_0201,feature_used,2026-05-11T10:40:00Z,s_0201_01,"{""feature"":""board""}"
evt_000856,user_0195,signup_started,2026-05-11T11:00:00Z,s_0195_01,{}
evt_000857,user_0195,signup_completed,2026-05-11T11:05:00Z,s_0195_01,{}
evt_000858,user_0195,onboarding_step_viewed,2026-05-11T11:09:00Z,s_0195_01,"{""step"":1}"
evt_000859,user_0195,error_shown,2026-05-11T11:10:00Z,s_0195_01,"{""code"":""onboarding_timeout""}"
evt_000860,user_0195,feature_used,2026-05-11T11:24:00Z,s_0195_01,"{""feature"":""board""}"
evt_000193,user_0046,signup_started,2026-05-11T14:00:00Z,s_0046_01,{}
evt_000194,user_0046,signup_completed,2026-05-11T14:02:00Z,s_0046_01,{}
evt_000195,user_0046,onboarding_step_viewed,2026-05-11T14:13:00Z,s_0046_01,"{""step"":1}"
evt_000196,user_0046,feature_used,2026-05-11T14:29:00Z,s_0046_01,"{""feature"":""board""}"
evt_000197,user_0046,activation_completed,2026-05-11T14:48:00Z,s_0046_01,{}
evt_000401,user_0091,return_visit,2026-05-12T01:00:00Z,s_0091_02,{}
evt_000872,user_0198,signup_started,2026-05-12T08:00:00Z,s_0198_01,{}
evt_000873,user_0198,signup_completed,2026-05-12T08:04:00Z,s_0198_01,{}
evt_000874,user_0198,onboarding_step_viewed,2026-05-12T08:10:00Z,s_0198_01,"{""step"":1}"
evt_000875,user_0198,error_shown,2026-05-12T08:11:00Z,s_0198_01,"{""code"":""onboarding_timeout""}"
evt_000876,user_0198,feature_used,2026-05-12T08:30:00Z,s_0198_01,"{""feature"":""board""}"
evt_000877,user_0198,activation_completed,2026-05-12T08:35:00Z,s_0198_01,{}
evt_000588,user_0137,signup_started,2026-05-12T09:00:00Z,s_0137_01,{}
evt_000589,user_0137,signup_completed,2026-05-12T09:04:00Z,s_0137_01,{}
evt_000590,user_0137,session_abandoned,2026-05-12T09:06:00Z,s_0137_01,{}
evt_000046,user_0011,signup_started,2026-05-12T11:00:00Z,s_0011_01,{}
evt_000273,user_0064,signup_started,2026-05-12T11:00:00Z,s_0064_01,{}
evt_000274,user_0064,signup_completed,2026-05-12T11:01:00Z,s_0064_01,{}
evt_000047,user_0011,session_abandoned,2026-05-12T11:02:00Z,s_0011_01,{}
evt_000275,user_0064,onboarding_step_viewed,2026-05-12T11:06:00Z,s_0064_01,"{""step"":1}"
evt_000276,user_0064,feature_used,2026-05-12T11:13:00Z,s_0064_01,"{""feature"":""board""}"
evt_000277,user_0064,activation_completed,2026-05-12T11:30:00Z,s_0064_01,{}
evt_000139,user_0033,signup_started,2026-05-12T12:00:00Z,s_0033_01,{}
evt_000140,user_0033,signup_completed,2026-05-12T12:05:00Z,s_0033_01,{}
evt_000141,user_0033,onboarding_step_viewed,2026-05-12T12:19:00Z,s_0033_01,"{""step"":1}"
evt_000142,user_0033,feature_used,2026-05-12T12:39:00Z,s_0033_01,"{""feature"":""board""}"
evt_000143,user_0033,activation_completed,2026-05-12T12:44:00Z,s_0033_01,{}
evt_000793,user_0180,signup_started,2026-05-12T15:00:00Z,s_0180_01,{}
evt_000794,user_0180,signup_completed,2026-05-12T15:03:00Z,s_0180_01,{}
evt_000795,user_0180,onboarding_step_viewed,2026-05-12T15:11:00Z,s_0180_01,"{""step"":1}"
evt_000796,user_0180,feature_used,2026-05-12T15:17:00Z,s_0180_01,"{""feature"":""board""}"
evt_000797,user_0180,activation_completed,2026-05-12T15:24:00Z,s_0180_01,{}
evt_000318,user_0073,signup_started,2026-05-12T19:00:00Z,s_0073_01,{}
evt_000319,user_0073,signup_completed,2026-05-12T19:05:00Z,s_0073_01,{}
evt_000320,user_0073,onboarding_step_viewed,2026-05-12T19:08:00Z,s_0073_01,"{""step"":1}"
evt_000321,user_0073,feature_used,2026-05-12T19:28:00Z,s_0073_01,"{""feature"":""board""}"
evt_000624,user_0143,return_visit,2026-05-13T04:00:00Z,s_0143_02,{}
evt_000625,user_0143,feature_used,2026-05-13T04:05:00Z,s_0143_02,"{""feature"":""board""}"
evt_000114,user_0028,signup_started,2026-05-13T08:00:00Z,s_0028_01,{}
evt_000115,user_0028,session_abandoned,2026-05-13T08:03:00Z,s_0028_01,{}
evt_000441,user_0103,signup_started,2026-05-13T13:00:00Z,s_0103_01,{}
evt_000927,user_0210,signup_started,2026-05-13T13:00:00Z,s_0210_01,{}
evt_000928,user_0210,session_abandoned,2026-05-13T13:02:00Z,s_0210_01,{}
evt_000442,user_0103,signup_completed,2026-05-13T13:08:00Z,s_0103_01,{}
evt_000443,user_0103,session_abandoned,2026-05-13T13:10:00Z,s_0103_01,{}
evt_000428,user_0099,signup_started,2026-05-13T14:00:00Z,s_0099_01,{}
evt_000570,user_0133,signup_started,2026-05-13T14:00:00Z,s_0133_01,{}
evt_000429,user_0099,session_abandoned,2026-05-13T14:02:00Z,s_0099_01,{}
evt_000571,user_0133,signup_completed,2026-05-13T14:06:00Z,s_0133_01,{}
evt_000572,user_0133,onboarding_step_viewed,2026-05-13T14:18:00Z,s_0133_01,"{""step"":1}"
evt_000573,user_0133,session_abandoned,2026-05-13T14:21:00Z,s_0133_01,{}
evt_000222,user_0053,signup_started,2026-05-13T15:00:00Z,s_0053_01,{}
evt_000223,user_0053,signup_completed,2026-05-13T15:03:00Z,s_0053_01,{}
evt_000224,user_0053,onboarding_step_viewed,2026-05-13T15:05:00Z,s_0053_01,"{""step"":1}"
evt_000225,user_0053,session_abandoned,2026-05-13T15:08:00Z,s_0053_01,{}
evt_000207,user_0049,signup_started,2026-05-13T16:00:00Z,s_0049_01,{}
evt_000208,user_0049,session_abandoned,2026-05-13T16:03:00Z,s_0049_01,{}
evt_000894,user_0201,return_visit,2026-05-14T00:00:00Z,s_0201_02,{}
evt_000393,user_0090,signup_started,2026-05-14T08:00:00Z,s_0090_01,{}
evt_000394,user_0090,signup_completed,2026-05-14T08:06:00Z,s_0090_01,{}
evt_000395,user_0090,onboarding_step_viewed,2026-05-14T08:15:00Z,s_0090_01,"{""step"":1}"
evt_000396,user_0090,session_abandoned,2026-05-14T08:18:00Z,s_0090_01,{}
evt_000355,user_0080,return_visit,2026-05-14T09:00:00Z,s_0080_02,{}
evt_000356,user_0080,feature_used,2026-05-14T09:05:00Z,s_0080_02,"{""feature"":""board""}"
evt_000550,user_0129,signup_started,2026-05-14T16:00:00Z,s_0129_01,{}
evt_000551,user_0129,signup_completed,2026-05-14T16:02:00Z,s_0129_01,{}
evt_000552,user_0129,onboarding_step_viewed,2026-05-14T16:16:00Z,s_0129_01,"{""step"":1}"
evt_000553,user_0129,feature_used,2026-05-14T16:33:00Z,s_0129_01,"{""feature"":""board""}"
evt_000554,user_0129,activation_completed,2026-05-14T16:36:00Z,s_0129_01,{}
evt_000344,user_0079,signup_started,2026-05-14T17:00:00Z,s_0079_01,{}
evt_000345,user_0079,signup_completed,2026-05-14T17:04:00Z,s_0079_01,{}
evt_000346,user_0079,onboarding_step_viewed,2026-05-14T17:12:00Z,s_0079_01,"{""step"":1}"
evt_000347,user_0079,feature_used,2026-05-14T17:33:00Z,s_0079_01,"{""feature"":""board""}"
evt_000176,user_0042,signup_started,2026-05-14T20:00:00Z,s_0042_01,{}
evt_000177,user_0042,signup_completed,2026-05-14T20:04:00Z,s_0042_01,{}
evt_000178,user_0042,onboarding_step_viewed,2026-05-14T20:18:00Z,s_0042_01,"{""step"":1}"
evt_000179,user_0042,feature_used,2026-05-14T20:22:00Z,s_0042_01,"{""feature"":""board""}"
evt_000326,user_0074,return_visit,2026-05-14T22:00:00Z,s_0074_02,{}
evt_000760,user_0174,signup_started,2026-05-15T08:00:00Z,s_0174_01,{}
evt_000761,user_0174,signup_completed,2026-05-15T08:01:00Z,s_0174_01,{}
evt_000762,user_0174,session_abandoned,2026-05-15T08:03:00Z,s_0174_01,{}
evt_000389,user_0089,signup_started,2026-05-15T09:00:00Z,s_0089_01,{}
evt_000390,user_0089,signup_completed,2026-05-15T09:06:00Z,s_0089_01,{}
evt_000391,user_0089,onboarding_step_viewed,2026-05-15T09:20:00Z,s_0089_01,"{""step"":1}"
evt_000392,user_0089,feature_used,2026-05-15T09:23:00Z,s_0089_01,"{""feature"":""board""}"
evt_000206,user_0048,return_visit,2026-05-15T10:00:00Z,s_0048_02,{}
evt_000687,user_0156,return_visit,2026-05-15T11:00:00Z,s_0156_02,{}
evt_000688,user_0156,billing_viewed,2026-05-15T11:18:00Z,s_0156_02,{}
evt_000467,user_0110,signup_started,2026-05-15T12:00:00Z,s_0110_01,{}
evt_000468,user_0110,signup_completed,2026-05-15T12:07:00Z,s_0110_01,{}
evt_000469,user_0110,session_abandoned,2026-05-15T12:09:00Z,s_0110_01,{}
evt_000266,user_0062,signup_started,2026-05-15T13:00:00Z,s_0062_01,{}
evt_000267,user_0062,signup_completed,2026-05-15T13:07:00Z,s_0062_01,{}
evt_000268,user_0062,onboarding_step_viewed,2026-05-15T13:22:00Z,s_0062_01,"{""step"":1}"
evt_000269,user_0062,session_abandoned,2026-05-15T13:25:00Z,s_0062_01,{}
evt_000823,user_0187,signup_started,2026-05-15T15:00:00Z,s_0187_01,{}
evt_000824,user_0187,signup_completed,2026-05-15T15:06:00Z,s_0187_01,{}
evt_000825,user_0187,onboarding_step_viewed,2026-05-15T15:21:00Z,s_0187_01,"{""step"":1}"
evt_000826,user_0187,feature_used,2026-05-15T15:29:00Z,s_0187_01,"{""feature"":""board""}"
evt_000418,user_0096,signup_started,2026-05-15T16:00:00Z,s_0096_01,{}
evt_000419,user_0096,signup_completed,2026-05-15T16:06:00Z,s_0096_01,{}
evt_000420,user_0096,onboarding_step_viewed,2026-05-15T16:16:00Z,s_0096_01,"{""step"":1}"
evt_000421,user_0096,session_abandoned,2026-05-15T16:19:00Z,s_0096_01,{}
evt_000730,user_0168,signup_started,2026-05-15T17:00:00Z,s_0168_01,{}
evt_000731,user_0168,signup_completed,2026-05-15T17:02:00Z,s_0168_01,{}
evt_000732,user_0168,onboarding_step_viewed,2026-05-15T17:07:00Z,s_0168_01,"{""step"":1}"
evt_000733,user_0168,feature_used,2026-05-15T17:29:00Z,s_0168_01,"{""feature"":""board""}"
evt_000734,user_0168,activation_completed,2026-05-15T17:34:00Z,s_0168_01,{}
evt_000878,user_0198,return_visit,2026-05-15T23:00:00Z,s_0198_02,{}
evt_000879,user_0198,feature_used,2026-05-15T23:05:00Z,s_0198_02,"{""feature"":""board""}"
evt_000861,user_0195,return_visit,2026-05-16T01:00:00Z,s_0195_02,{}
evt_000960,user_0218,return_visit,2026-05-16T03:00:00Z,s_0218_02,{}
evt_000099,user_0024,return_visit,2026-05-16T08:00:00Z,s_0024_02,{}
evt_000270,user_0063,signup_started,2026-05-16T08:00:00Z,s_0063_01,{}
evt_000430,user_0100,signup_started,2026-05-16T08:00:00Z,s_0100_01,{}
evt_000747,user_0171,signup_started,2026-05-16T08:00:00Z,s_0171_01,{}
evt_000866,user_0197,signup_started,2026-05-16T08:00:00Z,s_0197_01,{}
evt_000271,user_0063,signup_completed,2026-05-16T08:01:00Z,s_0063_01,{}
evt_000272,user_0063,session_abandoned,2026-05-16T08:03:00Z,s_0063_01,{}
evt_000431,user_0100,signup_completed,2026-05-16T08:06:00Z,s_0100_01,{}
evt_000748,user_0171,signup_completed,2026-05-16T08:06:00Z,s_0171_01,{}
evt_000867,user_0197,signup_completed,2026-05-16T08:07:00Z,s_0197_01,{}
evt_000432,user_0100,session_abandoned,2026-05-16T08:08:00Z,s_0100_01,{}
evt_000749,user_0171,onboarding_step_viewed,2026-05-16T08:08:00Z,s_0171_01,"{""step"":1}"
evt_000868,user_0197,onboarding_step_viewed,2026-05-16T08:12:00Z,s_0197_01,"{""step"":1}"
evt_000869,user_0197,feature_used,2026-05-16T08:16:00Z,s_0197_01,"{""feature"":""board""}"
evt_000750,user_0171,feature_used,2026-05-16T08:18:00Z,s_0171_01,"{""feature"":""board""}"
evt_000870,user_0197,activation_completed,2026-05-16T08:33:00Z,s_0197_01,{}
evt_000383,user_0088,signup_started,2026-05-16T13:00:00Z,s_0088_01,{}
evt_000384,user_0088,signup_completed,2026-05-16T13:06:00Z,s_0088_01,{}
evt_000385,user_0088,onboarding_step_viewed,2026-05-16T13:21:00Z,s_0088_01,"{""step"":1}"
evt_000386,user_0088,error_shown,2026-05-16T13:22:00Z,s_0088_01,"{""code"":""onboarding_timeout""}"
evt_000387,user_0088,feature_used,2026-05-16T13:39:00Z,s_0088_01,"{""feature"":""board""}"
evt_000388,user_0088,activation_completed,2026-05-16T13:53:00Z,s_0088_01,{}
evt_000312,user_0072,signup_started,2026-05-16T16:00:00Z,s_0072_01,{}
evt_000914,user_0207,signup_started,2026-05-16T16:00:00Z,s_0207_01,{}
evt_000915,user_0207,signup_completed,2026-05-16T16:03:00Z,s_0207_01,{}
evt_000313,user_0072,signup_completed,2026-05-16T16:08:00Z,s_0072_01,{}
evt_000916,user_0207,onboarding_step_viewed,2026-05-16T16:13:00Z,s_0207_01,"{""step"":1}"
evt_000314,user_0072,onboarding_step_viewed,2026-05-16T16:17:00Z,s_0072_01,"{""step"":1}"
evt_000315,user_0072,feature_used,2026-05-16T16:29:00Z,s_0072_01,"{""feature"":""board""}"
evt_000917,user_0207,feature_used,2026-05-16T16:37:00Z,s_0207_01,"{""feature"":""board""}"
evt_000316,user_0072,activation_completed,2026-05-16T16:38:00Z,s_0072_01,{}
evt_000458,user_0107,signup_started,2026-05-16T17:00:00Z,s_0107_01,{}
evt_000459,user_0107,signup_completed,2026-05-16T17:08:00Z,s_0107_01,{}
evt_000460,user_0107,onboarding_step_viewed,2026-05-16T17:17:00Z,s_0107_01,"{""step"":1}"
evt_000461,user_0107,feature_used,2026-05-16T17:34:00Z,s_0107_01,"{""feature"":""board""}"
evt_000728,user_0167,signup_started,2026-05-16T19:00:00Z,s_0167_01,{}
evt_000729,user_0167,session_abandoned,2026-05-16T19:04:00Z,s_0167_01,{}
evt_000070,user_0018,signup_started,2026-05-17T08:00:00Z,s_0018_01,{}
evt_000071,user_0018,signup_completed,2026-05-17T08:08:00Z,s_0018_01,{}
evt_000072,user_0018,onboarding_step_viewed,2026-05-17T08:15:00Z,s_0018_01,"{""step"":1}"
evt_000073,user_0018,session_abandoned,2026-05-17T08:18:00Z,s_0018_01,{}
evt_000063,user_0016,signup_started,2026-05-17T09:00:00Z,s_0016_01,{}
evt_000064,user_0016,session_abandoned,2026-05-17T09:03:00Z,s_0016_01,{}
evt_000241,user_0056,return_visit,2026-05-17T10:00:00Z,s_0056_02,{}
evt_000828,user_0188,signup_started,2026-05-17T10:00:00Z,s_0188_01,{}
evt_000829,user_0188,signup_completed,2026-05-17T10:03:00Z,s_0188_01,{}
evt_000242,user_0056,invite_sent,2026-05-17T10:12:00Z,s_0056_02,{}
evt_000830,user_0188,onboarding_step_viewed,2026-05-17T10:16:00Z,s_0188_01,"{""step"":1}"
evt_000243,user_0056,billing_viewed,2026-05-17T10:18:00Z,s_0056_02,{}
evt_000831,user_0188,session_abandoned,2026-05-17T10:19:00Z,s_0188_01,{}
evt_000348,user_0079,return_visit,2026-05-17T11:00:00Z,s_0079_02,{}
evt_000055,user_0014,signup_started,2026-05-17T12:00:00Z,s_0014_01,{}
evt_000832,user_0189,signup_started,2026-05-17T12:00:00Z,s_0189_01,{}
evt_000056,user_0014,session_abandoned,2026-05-17T12:01:00Z,s_0014_01,{}
evt_000833,user_0189,session_abandoned,2026-05-17T12:03:00Z,s_0189_01,{}
evt_000048,user_0012,signup_started,2026-05-17T15:00:00Z,s_0012_01,{}
evt_000049,user_0012,signup_completed,2026-05-17T15:01:00Z,s_0012_01,{}
evt_000050,user_0012,session_abandoned,2026-05-17T15:03:00Z,s_0012_01,{}
evt_000370,user_0085,signup_started,2026-05-17T16:00:00Z,s_0085_01,{}
evt_000371,user_0085,signup_completed,2026-05-17T16:02:00Z,s_0085_01,{}
evt_000372,user_0085,onboarding_step_viewed,2026-05-17T16:10:00Z,s_0085_01,"{""step"":1}"
evt_000373,user_0085,feature_used,2026-05-17T16:13:00Z,s_0085_01,"{""feature"":""board""}"
evt_000374,user_0085,activation_completed,2026-05-17T16:33:00Z,s_0085_01,{}
evt_000613,user_0142,signup_started,2026-05-17T18:00:00Z,s_0142_01,{}
evt_000669,user_0153,signup_started,2026-05-17T18:00:00Z,s_0153_01,{}
evt_000614,user_0142,signup_completed,2026-05-17T18:04:00Z,s_0142_01,{}
evt_000670,user_0153,signup_completed,2026-05-17T18:04:00Z,s_0153_01,{}
evt_000671,user_0153,onboarding_step_viewed,2026-05-17T18:13:00Z,s_0153_01,"{""step"":1}"
evt_000615,user_0142,onboarding_step_viewed,2026-05-17T18:15:00Z,s_0142_01,"{""step"":1}"
evt_000616,user_0142,error_shown,2026-05-17T18:16:00Z,s_0142_01,"{""code"":""onboarding_timeout""}"
evt_000617,user_0142,feature_used,2026-05-17T18:24:00Z,s_0142_01,"{""feature"":""board""}"
evt_000672,user_0153,feature_used,2026-05-17T18:27:00Z,s_0153_01,"{""feature"":""board""}"
evt_000673,user_0153,activation_completed,2026-05-17T18:38:00Z,s_0153_01,{}
evt_000041,user_0010,return_visit,2026-05-17T19:00:00Z,s_0010_02,{}
evt_000409,user_0093,signup_started,2026-05-17T19:00:00Z,s_0093_01,{}
evt_000410,user_0093,session_abandoned,2026-05-17T19:01:00Z,s_0093_01,{}
evt_000042,user_0010,feature_used,2026-05-17T19:05:00Z,s_0010_02,"{""feature"":""board""}"
evt_000043,user_0010,invite_sent,2026-05-17T19:12:00Z,s_0010_02,{}
evt_000213,user_0050,return_visit,2026-05-17T21:00:00Z,s_0050_02,{}
evt_000798,user_0181,signup_started,2026-05-18T09:00:00Z,s_0181_01,{}
evt_000799,user_0181,signup_completed,2026-05-18T09:05:00Z,s_0181_01,{}
evt_000800,user_0181,onboarding_step_viewed,2026-05-18T09:10:00Z,s_0181_01,"{""step"":1}"
evt_000801,user_0181,feature_used,2026-05-18T09:28:00Z,s_0181_01,"{""feature"":""board""}"
evt_000802,user_0181,activation_completed,2026-05-18T09:34:00Z,s_0181_01,{}
evt_000330,user_0076,signup_started,2026-05-18T12:00:00Z,s_0076_01,{}
evt_000543,user_0128,signup_started,2026-05-18T12:00:00Z,s_0128_01,{}
evt_000544,user_0128,signup_completed,2026-05-18T12:02:00Z,s_0128_01,{}
evt_000331,user_0076,signup_completed,2026-05-18T12:03:00Z,s_0076_01,{}
evt_000545,user_0128,onboarding_step_viewed,2026-05-18T12:04:00Z,s_0128_01,"{""step"":1}"
evt_000546,user_0128,error_shown,2026-05-18T12:05:00Z,s_0128_01,"{""code"":""onboarding_timeout""}"
evt_000547,user_0128,feature_used,2026-05-18T12:14:00Z,s_0128_01,"{""feature"":""board""}"
evt_000332,user_0076,onboarding_step_viewed,2026-05-18T12:17:00Z,s_0076_01,"{""step"":1}"
evt_000333,user_0076,session_abandoned,2026-05-18T12:20:00Z,s_0076_01,{}
evt_000402,user_0092,signup_started,2026-05-18T14:00:00Z,s_0092_01,{}
evt_000403,user_0092,signup_completed,2026-05-18T14:02:00Z,s_0092_01,{}
evt_000404,user_0092,onboarding_step_viewed,2026-05-18T14:05:00Z,s_0092_01,"{""step"":1}"
evt_000405,user_0092,feature_used,2026-05-18T14:30:00Z,s_0092_01,"{""feature"":""board""}"
evt_000406,user_0092,activation_completed,2026-05-18T14:40:00Z,s_0092_01,{}
evt_000578,user_0135,signup_started,2026-05-18T16:00:00Z,s_0135_01,{}
evt_000579,user_0135,signup_completed,2026-05-18T16:02:00Z,s_0135_01,{}
evt_000580,user_0135,onboarding_step_viewed,2026-05-18T16:17:00Z,s_0135_01,"{""step"":1}"
evt_000581,user_0135,session_abandoned,2026-05-18T16:20:00Z,s_0135_01,{}
evt_000231,user_0055,signup_started,2026-05-18T17:00:00Z,s_0055_01,{}
evt_000232,user_0055,signup_completed,2026-05-18T17:08:00Z,s_0055_01,{}
evt_000233,user_0055,onboarding_step_viewed,2026-05-18T17:21:00Z,s_0055_01,"{""step"":1}"
evt_000234,user_0055,feature_used,2026-05-18T17:41:00Z,s_0055_01,"{""feature"":""board""}"
evt_000235,user_0055,activation_completed,2026-05-18T17:48:00Z,s_0055_01,{}
evt_000871,user_0197,return_visit,2026-05-18T18:00:00Z,s_0197_02,{}
evt_000562,user_0131,signup_started,2026-05-18T19:00:00Z,s_0131_01,{}
evt_000935,user_0213,signup_started,2026-05-18T19:00:00Z,s_0213_01,{}
evt_000936,user_0213,signup_completed,2026-05-18T19:02:00Z,s_0213_01,{}
evt_000563,user_0131,signup_completed,2026-05-18T19:05:00Z,s_0131_01,{}
evt_000937,user_0213,onboarding_step_viewed,2026-05-18T19:13:00Z,s_0213_01,"{""step"":1}"
evt_000564,user_0131,onboarding_step_viewed,2026-05-18T19:16:00Z,s_0131_01,"{""step"":1}"
evt_000565,user_0131,session_abandoned,2026-05-18T19:19:00Z,s_0131_01,{}
evt_000938,user_0213,feature_used,2026-05-18T19:32:00Z,s_0213_01,"{""feature"":""board""}"
evt_000939,user_0213,activation_completed,2026-05-18T19:41:00Z,s_0213_01,{}
evt_000078,user_0020,signup_started,2026-05-18T20:00:00Z,s_0020_01,{}
evt_000084,user_0022,signup_started,2026-05-18T20:00:00Z,s_0022_01,{}
evt_000109,user_0026,return_visit,2026-05-18T20:00:00Z,s_0026_02,{}
evt_000085,user_0022,signup_completed,2026-05-18T20:04:00Z,s_0022_01,{}
evt_000079,user_0020,signup_completed,2026-05-18T20:08:00Z,s_0020_01,{}
evt_000080,user_0020,session_abandoned,2026-05-18T20:10:00Z,s_0020_01,{}
evt_000086,user_0022,onboarding_step_viewed,2026-05-18T20:12:00Z,s_0022_01,"{""step"":1}"
evt_000087,user_0022,feature_used,2026-05-18T20:29:00Z,s_0022_01,"{""feature"":""board""}"
evt_000284,user_0067,signup_started,2026-05-19T08:00:00Z,s_0067_01,{}
evt_000790,user_0179,signup_started,2026-05-19T08:00:00Z,s_0179_01,{}
evt_000285,user_0067,session_abandoned,2026-05-19T08:05:00Z,s_0067_01,{}
evt_000791,user_0179,signup_completed,2026-05-19T08:08:00Z,s_0179_01,{}
evt_000792,user_0179,session_abandoned,2026-05-19T08:10:00Z,s_0179_01,{}
evt_000334,user_0077,signup_started,2026-05-19T12:00:00Z,s_0077_01,{}
evt_000335,user_0077,signup_completed,2026-05-19T12:08:00Z,s_0077_01,{}
evt_000336,user_0077,onboarding_step_viewed,2026-05-19T12:10:00Z,s_0077_01,"{""step"":1}"
evt_000337,user_0077,session_abandoned,2026-05-19T12:13:00Z,s_0077_01,{}
evt_000424,user_0098,signup_started,2026-05-19T14:00:00Z,s_0098_01,{}
evt_000626,user_0144,signup_started,2026-05-19T14:00:00Z,s_0144_01,{}
evt_000425,user_0098,signup_completed,2026-05-19T14:07:00Z,s_0098_01,{}
evt_000627,user_0144,signup_completed,2026-05-19T14:07:00Z,s_0144_01,{}
evt_000628,user_0144,onboarding_step_viewed,2026-05-19T14:15:00Z,s_0144_01,"{""step"":1}"
evt_000629,user_0144,error_shown,2026-05-19T14:16:00Z,s_0144_01,"{""code"":""onboarding_timeout""}"
evt_000426,user_0098,onboarding_step_viewed,2026-05-19T14:20:00Z,s_0098_01,"{""step"":1}"
evt_000427,user_0098,session_abandoned,2026-05-19T14:23:00Z,s_0098_01,{}
evt_000630,user_0144,feature_used,2026-05-19T14:37:00Z,s_0144_01,"{""feature"":""board""}"
evt_000631,user_0144,activation_completed,2026-05-19T14:50:00Z,s_0144_01,{}
evt_000129,user_0031,signup_started,2026-05-19T17:00:00Z,s_0031_01,{}
evt_000130,user_0031,signup_completed,2026-05-19T17:02:00Z,s_0031_01,{}
evt_000131,user_0031,onboarding_step_viewed,2026-05-19T17:13:00Z,s_0031_01,"{""step"":1}"
evt_000132,user_0031,feature_used,2026-05-19T17:24:00Z,s_0031_01,"{""feature"":""board""}"
evt_000133,user_0031,activation_completed,2026-05-19T17:36:00Z,s_0031_01,{}
evt_000541,user_0127,return_visit,2026-05-20T06:00:00Z,s_0127_03,{}
evt_000542,user_0127,feature_used,2026-05-20T06:04:00Z,s_0127_03,"{""feature"":""insights""}"
evt_000521,user_0124,return_visit,2026-05-20T08:00:00Z,s_0124_02,{}
evt_000840,user_0192,signup_started,2026-05-20T13:00:00Z,s_0192_01,{}
evt_000841,user_0192,session_abandoned,2026-05-20T13:05:00Z,s_0192_01,{}
evt_000782,user_0178,signup_started,2026-05-20T14:00:00Z,s_0178_01,{}
evt_000783,user_0178,signup_completed,2026-05-20T14:01:00Z,s_0178_01,{}
evt_000784,user_0178,onboarding_step_viewed,2026-05-20T14:13:00Z,s_0178_01,"{""step"":1}"
evt_000785,user_0178,feature_used,2026-05-20T14:37:00Z,s_0178_01,"{""feature"":""board""}"
evt_000786,user_0178,activation_completed,2026-05-20T14:39:00Z,s_0178_01,{}
evt_000918,user_0208,signup_started,2026-05-20T15:00:00Z,s_0208_01,{}
evt_000919,user_0208,signup_completed,2026-05-20T15:04:00Z,s_0208_01,{}
evt_000920,user_0208,onboarding_step_viewed,2026-05-20T15:10:00Z,s_0208_01,"{""step"":1}"
evt_000921,user_0208,session_abandoned,2026-05-20T15:13:00Z,s_0208_01,{}
evt_000260,user_0061,signup_started,2026-05-20T16:00:00Z,s_0061_01,{}
evt_000261,user_0061,signup_completed,2026-05-20T16:07:00Z,s_0061_01,{}
evt_000262,user_0061,onboarding_step_viewed,2026-05-20T16:19:00Z,s_0061_01,"{""step"":1}"
evt_000263,user_0061,error_shown,2026-05-20T16:20:00Z,s_0061_01,"{""code"":""onboarding_timeout""}"
evt_000264,user_0061,feature_used,2026-05-20T16:26:00Z,s_0061_01,"{""feature"":""board""}"
evt_000593,user_0139,signup_started,2026-05-20T18:00:00Z,s_0139_01,{}
evt_000594,user_0139,signup_completed,2026-05-20T18:01:00Z,s_0139_01,{}
evt_000595,user_0139,onboarding_step_viewed,2026-05-20T18:13:00Z,s_0139_01,"{""step"":1}"
evt_000596,user_0139,feature_used,2026-05-20T18:21:00Z,s_0139_01,"{""feature"":""board""}"
evt_000597,user_0139,activation_completed,2026-05-20T18:32:00Z,s_0139_01,{}
evt_000290,user_0069,signup_started,2026-05-20T20:00:00Z,s_0069_01,{}
evt_000291,user_0069,signup_completed,2026-05-20T20:01:00Z,s_0069_01,{}
evt_000292,user_0069,onboarding_step_viewed,2026-05-20T20:09:00Z,s_0069_01,"{""step"":1}"
evt_000293,user_0069,feature_used,2026-05-20T20:32:00Z,s_0069_01,"{""feature"":""board""}"
evt_000294,user_0069,activation_completed,2026-05-20T20:47:00Z,s_0069_01,{}
evt_000001,user_0001,signup_started,2026-05-21T09:00:00Z,s_0001_01,{}
evt_000002,user_0001,signup_completed,2026-05-21T09:05:00Z,s_0001_01,{}
evt_000003,user_0001,onboarding_step_viewed,2026-05-21T09:09:00Z,s_0001_01,"{""step"":1}"
evt_000004,user_0001,session_abandoned,2026-05-21T09:12:00Z,s_0001_01,{}
evt_000663,user_0151,signup_started,2026-05-21T11:00:00Z,s_0151_01,{}
evt_000664,user_0151,signup_completed,2026-05-21T11:08:00Z,s_0151_01,{}
evt_000665,user_0151,onboarding_step_viewed,2026-05-21T11:10:00Z,s_0151_01,"{""step"":1}"
evt_000666,user_0151,session_abandoned,2026-05-21T11:13:00Z,s_0151_01,{}
evt_000529,user_0126,signup_started,2026-05-21T13:00:00Z,s_0126_01,{}
evt_000649,user_0148,signup_started,2026-05-21T13:00:00Z,s_0148_01,{}
evt_000650,user_0148,signup_completed,2026-05-21T13:02:00Z,s_0148_01,{}
evt_000530,user_0126,signup_completed,2026-05-21T13:05:00Z,s_0126_01,{}
evt_000531,user_0126,onboarding_step_viewed,2026-05-21T13:08:00Z,s_0126_01,"{""step"":1}"
evt_000532,user_0126,session_abandoned,2026-05-21T13:11:00Z,s_0126_01,{}
evt_000651,user_0148,onboarding_step_viewed,2026-05-21T13:14:00Z,s_0148_01,"{""step"":1}"
evt_000652,user_0148,feature_used,2026-05-21T13:18:00Z,s_0148_01,"{""feature"":""board""}"
evt_000653,user_0148,activation_completed,2026-05-21T13:22:00Z,s_0148_01,{}
evt_000944,user_0214,signup_started,2026-05-21T15:00:00Z,s_0214_01,{}
evt_000945,user_0214,signup_completed,2026-05-21T15:04:00Z,s_0214_01,{}
evt_000946,user_0214,onboarding_step_viewed,2026-05-21T15:10:00Z,s_0214_01,"{""step"":1}"
evt_000947,user_0214,feature_used,2026-05-21T15:15:00Z,s_0214_01,"{""feature"":""board""}"
evt_000360,user_0082,signup_started,2026-05-21T17:00:00Z,s_0082_01,{}
evt_000361,user_0082,signup_completed,2026-05-21T17:04:00Z,s_0082_01,{}
evt_000362,user_0082,onboarding_step_viewed,2026-05-21T17:14:00Z,s_0082_01,"{""step"":1}"
evt_000363,user_0082,feature_used,2026-05-21T17:25:00Z,s_0082_01,"{""feature"":""board""}"
evt_000695,user_0158,signup_started,2026-05-22T13:00:00Z,s_0158_01,{}
evt_000696,user_0158,session_abandoned,2026-05-22T13:05:00Z,s_0158_01,{}
evt_000286,user_0068,signup_started,2026-05-22T14:00:00Z,s_0068_01,{}
evt_000474,user_0112,signup_started,2026-05-22T14:00:00Z,s_0112_01,{}
evt_000689,user_0157,signup_started,2026-05-22T14:00:00Z,s_0157_01,{}
evt_000475,user_0112,signup_completed,2026-05-22T14:01:00Z,s_0112_01,{}
evt_000690,user_0157,signup_completed,2026-05-22T14:01:00Z,s_0157_01,{}
evt_000476,user_0112,session_abandoned,2026-05-22T14:03:00Z,s_0112_01,{}
evt_000287,user_0068,signup_completed,2026-05-22T14:04:00Z,s_0068_01,{}
evt_000691,user_0157,onboarding_step_viewed,2026-05-22T14:05:00Z,s_0157_01,"{""step"":1}"
evt_000288,user_0068,onboarding_step_viewed,2026-05-22T14:17:00Z,s_0068_01,"{""step"":1}"
evt_000692,user_0157,feature_used,2026-05-22T14:23:00Z,s_0157_01,"{""feature"":""board""}"
evt_000693,user_0157,activation_completed,2026-05-22T14:29:00Z,s_0157_01,{}
evt_000289,user_0068,feature_used,2026-05-22T14:42:00Z,s_0068_01,"{""feature"":""board""}"
evt_000574,user_0134,signup_started,2026-05-22T15:00:00Z,s_0134_01,{}
evt_000575,user_0134,signup_completed,2026-05-22T15:02:00Z,s_0134_01,{}
evt_000576,user_0134,onboarding_step_viewed,2026-05-22T15:05:00Z,s_0134_01,"{""step"":1}"
evt_000577,user_0134,feature_used,2026-05-22T15:12:00Z,s_0134_01,"{""feature"":""board""}"
evt_000555,user_0130,signup_started,2026-05-22T16:00:00Z,s_0130_01,{}
evt_000556,user_0130,signup_completed,2026-05-22T16:01:00Z,s_0130_01,{}
evt_000557,user_0130,onboarding_step_viewed,2026-05-22T16:10:00Z,s_0130_01,"{""step"":1}"
evt_000558,user_0130,feature_used,2026-05-22T16:16:00Z,s_0130_01,"{""feature"":""board""}"
evt_000559,user_0130,activation_completed,2026-05-22T16:32:00Z,s_0130_01,{}
evt_000057,user_0015,signup_started,2026-05-22T19:00:00Z,s_0015_01,{}
evt_000058,user_0015,signup_completed,2026-05-22T19:05:00Z,s_0015_01,{}
evt_000059,user_0015,onboarding_step_viewed,2026-05-22T19:12:00Z,s_0015_01,"{""step"":1}"
evt_000060,user_0015,error_shown,2026-05-22T19:13:00Z,s_0015_01,"{""code"":""onboarding_timeout""}"
evt_000061,user_0015,feature_used,2026-05-22T19:29:00Z,s_0015_01,"{""feature"":""board""}"
evt_000062,user_0015,activation_completed,2026-05-22T19:39:00Z,s_0015_01,{}
evt_000454,user_0106,signup_started,2026-05-22T20:00:00Z,s_0106_01,{}
evt_000455,user_0106,signup_completed,2026-05-22T20:03:00Z,s_0106_01,{}
evt_000456,user_0106,onboarding_step_viewed,2026-05-22T20:18:00Z,s_0106_01,"{""step"":1}"
evt_000457,user_0106,session_abandoned,2026-05-22T20:21:00Z,s_0106_01,{}
evt_000632,user_0144,return_visit,2026-05-23T02:00:00Z,s_0144_02,{}
evt_000633,user_0144,billing_viewed,2026-05-23T02:18:00Z,s_0144_02,{}
evt_000849,user_0194,signup_started,2026-05-23T08:00:00Z,s_0194_01,{}
evt_000850,user_0194,signup_completed,2026-05-23T08:07:00Z,s_0194_01,{}
evt_000851,user_0194,onboarding_step_viewed,2026-05-23T08:12:00Z,s_0194_01,"{""step"":1}"
evt_000852,user_0194,feature_used,2026-05-23T08:37:00Z,s_0194_01,"{""feature"":""board""}"
evt_000853,user_0194,activation_completed,2026-05-23T08:50:00Z,s_0194_01,{}
evt_000297,user_0070,signup_started,2026-05-23T10:00:00Z,s_0070_01,{}
evt_000741,user_0170,signup_started,2026-05-23T10:00:00Z,s_0170_01,{}
evt_000911,user_0206,signup_started,2026-05-23T10:00:00Z,s_0206_01,{}
evt_000742,user_0170,signup_completed,2026-05-23T10:01:00Z,s_0170_01,{}
evt_000298,user_0070,signup_completed,2026-05-23T10:05:00Z,s_0070_01,{}
evt_000743,user_0170,onboarding_step_viewed,2026-05-23T10:06:00Z,s_0170_01,"{""step"":1}"
evt_000912,user_0206,signup_completed,2026-05-23T10:06:00Z,s_0206_01,{}
evt_000913,user_0206,session_abandoned,2026-05-23T10:08:00Z,s_0206_01,{}
evt_000299,user_0070,onboarding_step_viewed,2026-05-23T10:15:00Z,s_0070_01,"{""step"":1}"
evt_000744,user_0170,feature_used,2026-05-23T10:30:00Z,s_0170_01,"{""feature"":""board""}"
evt_000300,user_0070,feature_used,2026-05-23T10:36:00Z,s_0070_01,"{""feature"":""board""}"
evt_000745,user_0170,activation_completed,2026-05-23T10:43:00Z,s_0170_01,{}
evt_000301,user_0070,activation_completed,2026-05-23T10:45:00Z,s_0070_01,{}
evt_000009,user_0003,signup_started,2026-05-23T16:00:00Z,s_0003_01,{}
evt_000327,user_0075,signup_started,2026-05-23T16:00:00Z,s_0075_01,{}
evt_000328,user_0075,signup_completed,2026-05-23T16:01:00Z,s_0075_01,{}
evt_000329,user_0075,session_abandoned,2026-05-23T16:03:00Z,s_0075_01,{}
evt_000010,user_0003,signup_completed,2026-05-23T16:08:00Z,s_0003_01,{}
evt_000011,user_0003,onboarding_step_viewed,2026-05-23T16:22:00Z,s_0003_01,"{""step"":1}"
evt_000012,user_0003,session_abandoned,2026-05-23T16:25:00Z,s_0003_01,{}
evt_000810,user_0184,signup_started,2026-05-23T19:00:00Z,s_0184_01,{}
evt_000811,user_0184,session_abandoned,2026-05-23T19:02:00Z,s_0184_01,{}
evt_000948,user_0214,return_visit,2026-05-24T02:00:00Z,s_0214_02,{}
evt_000088,user_0022,return_visit,2026-05-24T08:00:00Z,s_0022_02,{}
evt_000317,user_0072,return_visit,2026-05-24T08:00:00Z,s_0072_02,{}
evt_000089,user_0022,billing_viewed,2026-05-24T08:18:00Z,s_0022_02,{}
evt_000447,user_0105,signup_started,2026-05-24T09:00:00Z,s_0105_01,{}
evt_000448,user_0105,signup_completed,2026-05-24T09:02:00Z,s_0105_01,{}
evt_000449,user_0105,onboarding_step_viewed,2026-05-24T09:15:00Z,s_0105_01,"{""step"":1}"
evt_000450,user_0105,feature_used,2026-05-24T09:40:00Z,s_0105_01,"{""feature"":""board""}"
evt_000451,user_0105,activation_completed,2026-05-24T09:42:00Z,s_0105_01,{}
evt_000180,user_0042,return_visit,2026-05-24T10:00:00Z,s_0042_02,{}
evt_000258,user_0060,signup_started,2026-05-24T10:00:00Z,s_0060_01,{}
evt_000259,user_0060,session_abandoned,2026-05-24T10:02:00Z,s_0060_01,{}
evt_000498,user_0119,signup_started,2026-05-24T13:00:00Z,s_0119_01,{}
evt_000634,user_0145,signup_started,2026-05-24T13:00:00Z,s_0145_01,{}
evt_000862,user_0196,signup_started,2026-05-24T13:00:00Z,s_0196_01,{}
evt_000635,user_0145,signup_completed,2026-05-24T13:03:00Z,s_0145_01,{}
evt_000863,user_0196,signup_completed,2026-05-24T13:03:00Z,s_0196_01,{}
evt_000499,user_0119,signup_completed,2026-05-24T13:08:00Z,s_0119_01,{}
evt_000500,user_0119,session_abandoned,2026-05-24T13:10:00Z,s_0119_01,{}
evt_000864,user_0196,onboarding_step_viewed,2026-05-24T13:13:00Z,s_0196_01,"{""step"":1}"
evt_000636,user_0145,onboarding_step_viewed,2026-05-24T13:15:00Z,s_0145_01,"{""step"":1}"
evt_000637,user_0145,error_shown,2026-05-24T13:16:00Z,s_0145_01,"{""code"":""onboarding_timeout""}"
evt_000865,user_0196,session_abandoned,2026-05-24T13:16:00Z,s_0196_01,{}
evt_000638,user_0145,feature_used,2026-05-24T13:29:00Z,s_0145_01,"{""feature"":""board""}"
evt_000639,user_0145,activation_completed,2026-05-24T13:35:00Z,s_0145_01,{}
evt_000490,user_0116,signup_started,2026-05-24T14:00:00Z,s_0116_01,{}
evt_000491,user_0116,signup_completed,2026-05-24T14:03:00Z,s_0116_01,{}
evt_000492,user_0116,session_abandoned,2026-05-24T14:05:00Z,s_0116_01,{}
evt_000018,user_0005,signup_started,2026-05-24T15:00:00Z,s_0005_01,{}
evt_000477,user_0113,signup_started,2026-05-24T15:00:00Z,s_0113_01,{}
evt_000961,user_0219,signup_started,2026-05-24T15:00:00Z,s_0219_01,{}
evt_000478,user_0113,session_abandoned,2026-05-24T15:03:00Z,s_0113_01,{}
evt_000962,user_0219,signup_completed,2026-05-24T15:03:00Z,s_0219_01,{}
evt_000019,user_0005,signup_completed,2026-05-24T15:07:00Z,s_0005_01,{}
evt_000963,user_0219,onboarding_step_viewed,2026-05-24T15:10:00Z,s_0219_01,"{""step"":1}"
evt_000020,user_0005,onboarding_step_viewed,2026-05-24T15:13:00Z,s_0005_01,"{""step"":1}"
evt_000964,user_0219,feature_used,2026-05-24T15:19:00Z,s_0219_01,"{""feature"":""board""}"
evt_000021,user_0005,feature_used,2026-05-24T15:27:00Z,s_0005_01,"{""feature"":""board""}"
evt_000965,user_0219,activation_completed,2026-05-24T15:33:00Z,s_0219_01,{}
evt_000146,user_0034,signup_started,2026-05-24T16:00:00Z,s_0034_01,{}
evt_000147,user_0034,signup_completed,2026-05-24T16:05:00Z,s_0034_01,{}
evt_000148,user_0034,onboarding_step_viewed,2026-05-24T16:18:00Z,s_0034_01,"{""step"":1}"
evt_000149,user_0034,session_abandoned,2026-05-24T16:21:00Z,s_0034_01,{}
evt_000198,user_0047,signup_started,2026-05-24T18:00:00Z,s_0047_01,{}
evt_000199,user_0047,signup_completed,2026-05-24T18:07:00Z,s_0047_01,{}
evt_000200,user_0047,onboarding_step_viewed,2026-05-24T18:19:00Z,s_0047_01,"{""step"":1}"
evt_000201,user_0047,feature_used,2026-05-24T18:43:00Z,s_0047_01,"{""feature"":""board""}"
evt_000522,user_0125,signup_started,2026-05-24T19:00:00Z,s_0125_01,{}
evt_000523,user_0125,signup_completed,2026-05-24T19:07:00Z,s_0125_01,{}
evt_000524,user_0125,onboarding_step_viewed,2026-05-24T19:22:00Z,s_0125_01,"{""step"":1}"
evt_000525,user_0125,feature_used,2026-05-24T19:33:00Z,s_0125_01,"{""feature"":""board""}"
evt_000526,user_0125,activation_completed,2026-05-24T19:46:00Z,s_0125_01,{}
evt_000483,user_0115,signup_started,2026-05-24T20:00:00Z,s_0115_01,{}
evt_000484,user_0115,signup_completed,2026-05-24T20:03:00Z,s_0115_01,{}
evt_000485,user_0115,onboarding_step_viewed,2026-05-24T20:15:00Z,s_0115_01,"{""step"":1}"
evt_000486,user_0115,feature_used,2026-05-24T20:32:00Z,s_0115_01,"{""feature"":""board""}"
evt_000487,user_0115,activation_completed,2026-05-24T20:45:00Z,s_0115_01,{}
evt_000548,user_0128,return_visit,2026-05-24T21:00:00Z,s_0128_02,{}
evt_000549,user_0128,billing_viewed,2026-05-24T21:18:00Z,s_0128_02,{}
evt_000282,user_0066,signup_started,2026-05-25T10:00:00Z,s_0066_01,{}
evt_000283,user_0066,session_abandoned,2026-05-25T10:01:00Z,s_0066_01,{}
evt_000214,user_0051,signup_started,2026-05-25T11:00:00Z,s_0051_01,{}
evt_000215,user_0051,signup_completed,2026-05-25T11:04:00Z,s_0051_01,{}
evt_000216,user_0051,session_abandoned,2026-05-25T11:06:00Z,s_0051_01,{}
evt_000674,user_0153,return_visit,2026-05-25T12:00:00Z,s_0153_02,{}
evt_000675,user_0153,feature_used,2026-05-25T12:05:00Z,s_0153_02,"{""feature"":""board""}"
evt_000903,user_0204,signup_started,2026-05-25T14:00:00Z,s_0204_01,{}
evt_000904,user_0204,signup_completed,2026-05-25T14:04:00Z,s_0204_01,{}
evt_000905,user_0204,onboarding_step_viewed,2026-05-25T14:17:00Z,s_0204_01,"{""step"":1}"
evt_000906,user_0204,error_shown,2026-05-25T14:18:00Z,s_0204_01,"{""code"":""onboarding_timeout""}"
evt_000907,user_0204,feature_used,2026-05-25T14:30:00Z,s_0204_01,"{""feature"":""board""}"
evt_000908,user_0204,activation_completed,2026-05-25T14:45:00Z,s_0204_01,{}
evt_000304,user_0071,signup_started,2026-05-25T15:00:00Z,s_0071_01,{}
evt_000305,user_0071,signup_completed,2026-05-25T15:07:00Z,s_0071_01,{}
evt_000306,user_0071,onboarding_step_viewed,2026-05-25T15:16:00Z,s_0071_01,"{""step"":1}"
evt_000307,user_0071,feature_used,2026-05-25T15:25:00Z,s_0071_01,"{""feature"":""board""}"
evt_000308,user_0071,activation_completed,2026-05-25T15:35:00Z,s_0071_01,{}
evt_000751,user_0172,signup_started,2026-05-25T17:00:00Z,s_0172_01,{}
evt_000899,user_0203,signup_started,2026-05-25T17:00:00Z,s_0203_01,{}
evt_000909,user_0205,signup_started,2026-05-25T17:00:00Z,s_0205_01,{}
evt_000900,user_0203,signup_completed,2026-05-25T17:01:00Z,s_0203_01,{}
evt_000910,user_0205,session_abandoned,2026-05-25T17:01:00Z,s_0205_01,{}
evt_000901,user_0203,onboarding_step_viewed,2026-05-25T17:05:00Z,s_0203_01,"{""step"":1}"
evt_000752,user_0172,signup_completed,2026-05-25T17:06:00Z,s_0172_01,{}
evt_000902,user_0203,session_abandoned,2026-05-25T17:08:00Z,s_0203_01,{}
evt_000753,user_0172,onboarding_step_viewed,2026-05-25T17:13:00Z,s_0172_01,"{""step"":1}"
evt_000754,user_0172,session_abandoned,2026-05-25T17:16:00Z,s_0172_01,{}
evt_000377,user_0086,signup_started,2026-05-25T20:00:00Z,s_0086_01,{}
evt_000479,user_0114,signup_started,2026-05-25T20:00:00Z,s_0114_01,{}
evt_000480,user_0114,signup_completed,2026-05-25T20:06:00Z,s_0114_01,{}
evt_000378,user_0086,signup_completed,2026-05-25T20:08:00Z,s_0086_01,{}
evt_000379,user_0086,session_abandoned,2026-05-25T20:10:00Z,s_0086_01,{}
evt_000481,user_0114,onboarding_step_viewed,2026-05-25T20:11:00Z,s_0114_01,"{""step"":1}"
evt_000482,user_0114,session_abandoned,2026-05-25T20:14:00Z,s_0114_01,{}
evt_000827,user_0187,return_visit,2026-05-26T00:00:00Z,s_0187_02,{}
evt_000364,user_0082,return_visit,2026-05-26T06:00:00Z,s_0082_02,{}
evt_000560,user_0130,return_visit,2026-05-26T06:00:00Z,s_0130_02,{}
evt_000561,user_0130,invite_sent,2026-05-26T06:12:00Z,s_0130_02,{}
evt_000725,user_0166,signup_started,2026-05-26T10:00:00Z,s_0166_01,{}
evt_000815,user_0186,signup_started,2026-05-26T10:00:00Z,s_0186_01,{}
evt_000726,user_0166,signup_completed,2026-05-26T10:05:00Z,s_0166_01,{}
evt_000727,user_0166,session_abandoned,2026-05-26T10:07:00Z,s_0166_01,{}
evt_000816,user_0186,signup_completed,2026-05-26T10:08:00Z,s_0186_01,{}
evt_000817,user_0186,onboarding_step_viewed,2026-05-26T10:18:00Z,s_0186_01,"{""step"":1}"
evt_000818,user_0186,feature_used,2026-05-26T10:38:00Z,s_0186_01,"{""feature"":""board""}"
evt_000819,user_0186,activation_completed,2026-05-26T10:42:00Z,s_0186_01,{}
evt_000181,user_0043,signup_started,2026-05-26T11:00:00Z,s_0043_01,{}
evt_000182,user_0043,signup_completed,2026-05-26T11:04:00Z,s_0043_01,{}
evt_000183,user_0043,onboarding_step_viewed,2026-05-26T11:10:00Z,s_0043_01,"{""step"":1}"
evt_000184,user_0043,session_abandoned,2026-05-26T11:13:00Z,s_0043_01,{}
evt_000249,user_0057,return_visit,2026-05-26T12:00:00Z,s_0057_03,{}
evt_000250,user_0057,feature_used,2026-05-26T12:04:00Z,s_0057_03,"{""feature"":""insights""}"
evt_000812,user_0185,signup_started,2026-05-26T13:00:00Z,s_0185_01,{}
evt_000813,user_0185,signup_completed,2026-05-26T13:02:00Z,s_0185_01,{}
evt_000814,user_0185,session_abandoned,2026-05-26T13:04:00Z,s_0185_01,{}
evt_000885,user_0200,signup_started,2026-05-26T15:00:00Z,s_0200_01,{}
evt_000886,user_0200,signup_completed,2026-05-26T15:03:00Z,s_0200_01,{}
evt_000887,user_0200,onboarding_step_viewed,2026-05-26T15:13:00Z,s_0200_01,"{""step"":1}"
evt_000888,user_0200,error_shown,2026-05-26T15:14:00Z,s_0200_01,"{""code"":""onboarding_timeout""}"
evt_000889,user_0200,session_abandoned,2026-05-26T15:16:00Z,s_0200_01,{}
evt_000712,user_0163,signup_started,2026-05-26T17:00:00Z,s_0163_01,{}
evt_000713,user_0163,signup_completed,2026-05-26T17:05:00Z,s_0163_01,{}
evt_000714,user_0163,onboarding_step_viewed,2026-05-26T17:14:00Z,s_0163_01,"{""step"":1}"
evt_000715,user_0163,feature_used,2026-05-26T17:20:00Z,s_0163_01,"{""feature"":""board""}"
evt_000116,user_0029,signup_started,2026-05-26T20:00:00Z,s_0029_01,{}
evt_000117,user_0029,signup_completed,2026-05-26T20:07:00Z,s_0029_01,{}
evt_000118,user_0029,onboarding_step_viewed,2026-05-26T20:20:00Z,s_0029_01,"{""step"":1}"
evt_000119,user_0029,feature_used,2026-05-26T20:45:00Z,s_0029_01,"{""feature"":""board""}"
evt_000120,user_0029,activation_completed,2026-05-26T20:53:00Z,s_0029_01,{}
evt_000452,user_0105,return_visit,2026-05-26T22:00:00Z,s_0105_02,{}
evt_000453,user_0105,feature_used,2026-05-26T22:05:00Z,s_0105_02,"{""feature"":""board""}"
evt_000265,user_0061,return_visit,2026-05-27T07:00:00Z,s_0061_02,{}
evt_000940,user_0213,return_visit,2026-05-27T09:00:00Z,s_0213_02,{}
evt_000941,user_0213,invite_sent,2026-05-27T09:12:00Z,s_0213_02,{}
evt_000949,user_0215,signup_started,2026-05-27T10:00:00Z,s_0215_01,{}
evt_000950,user_0215,session_abandoned,2026-05-27T10:01:00Z,s_0215_01,{}
evt_000667,user_0152,signup_started,2026-05-27T13:00:00Z,s_0152_01,{}
evt_000668,user_0152,session_abandoned,2026-05-27T13:01:00Z,s_0152_01,{}
evt_000254,user_0059,signup_started,2026-05-27T14:00:00Z,s_0059_01,{}
evt_000951,user_0216,signup_started,2026-05-27T14:00:00Z,s_0216_01,{}
evt_000952,user_0216,signup_completed,2026-05-27T14:03:00Z,s_0216_01,{}
evt_000255,user_0059,signup_completed,2026-05-27T14:04:00Z,s_0059_01,{}
evt_000953,user_0216,session_abandoned,2026-05-27T14:05:00Z,s_0216_01,{}
evt_000256,user_0059,onboarding_step_viewed,2026-05-27T14:10:00Z,s_0059_01,"{""step"":1}"
evt_000257,user_0059,feature_used,2026-05-27T14:23:00Z,s_0059_01,"{""feature"":""board""}"
evt_000365,user_0083,signup_started,2026-05-27T17:00:00Z,s_0083_01,{}
evt_000366,user_0083,session_abandoned,2026-05-27T17:04:00Z,s_0083_01,{}
evt_000065,user_0017,signup_started,2026-05-27T18:00:00Z,s_0017_01,{}
evt_000066,user_0017,signup_completed,2026-05-27T18:04:00Z,s_0017_01,{}
evt_000067,user_0017,onboarding_step_viewed,2026-05-27T18:18:00Z,s_0017_01,"{""step"":1}"
evt_000068,user_0017,error_shown,2026-05-27T18:19:00Z,s_0017_01,"{""code"":""onboarding_timeout""}"
evt_000069,user_0017,session_abandoned,2026-05-27T18:21:00Z,s_0017_01,{}
evt_000144,user_0033,return_visit,2026-05-27T23:00:00Z,s_0033_03,{}
evt_000145,user_0033,feature_used,2026-05-27T23:04:00Z,s_0033_03,"{""feature"":""insights""}"
evt_000134,user_0031,return_visit,2026-05-28T04:00:00Z,s_0031_02,{}
evt_000407,user_0092,return_visit,2026-05-28T06:00:00Z,s_0092_02,{}
evt_000408,user_0092,feature_used,2026-05-28T06:05:00Z,s_0092_02,"{""feature"":""board""}"
evt_000153,user_0036,signup_started,2026-05-28T08:00:00Z,s_0036_01,{}
evt_000154,user_0036,signup_completed,2026-05-28T08:07:00Z,s_0036_01,{}
evt_000155,user_0036,session_abandoned,2026-05-28T08:09:00Z,s_0036_01,{}
evt_000657,user_0149,signup_started,2026-05-28T09:00:00Z,s_0149_01,{}
evt_000658,user_0149,signup_completed,2026-05-28T09:07:00Z,s_0149_01,{}
evt_000659,user_0149,onboarding_step_viewed,2026-05-28T09:17:00Z,s_0149_01,"{""step"":1}"
evt_000660,user_0149,session_abandoned,2026-05-28T09:20:00Z,s_0149_01,{}
evt_000680,user_0155,signup_started,2026-05-28T10:00:00Z,s_0155_01,{}
evt_000681,user_0155,signup_completed,2026-05-28T10:03:00Z,s_0155_01,{}
evt_000682,user_0155,session_abandoned,2026-05-28T10:05:00Z,s_0155_01,{}
evt_000025,user_0007,signup_started,2026-05-28T11:00:00Z,s_0007_01,{}
evt_000422,user_0097,signup_started,2026-05-28T11:00:00Z,s_0097_01,{}
evt_000423,user_0097,session_abandoned,2026-05-28T11:02:00Z,s_0097_01,{}
evt_000026,user_0007,session_abandoned,2026-05-28T11:04:00Z,s_0007_01,{}
evt_000150,user_0035,signup_started,2026-05-28T12:00:00Z,s_0035_01,{}
evt_000954,user_0217,signup_started,2026-05-28T12:00:00Z,s_0217_01,{}
evt_000955,user_0217,session_abandoned,2026-05-28T12:01:00Z,s_0217_01,{}
evt_000151,user_0035,signup_completed,2026-05-28T12:05:00Z,s_0035_01,{}
evt_000152,user_0035,session_abandoned,2026-05-28T12:07:00Z,s_0035_01,{}
evt_000806,user_0183,signup_started,2026-05-28T13:00:00Z,s_0183_01,{}
evt_000807,user_0183,signup_completed,2026-05-28T13:02:00Z,s_0183_01,{}
evt_000808,user_0183,onboarding_step_viewed,2026-05-28T13:08:00Z,s_0183_01,"{""step"":1}"
evt_000809,user_0183,session_abandoned,2026-05-28T13:11:00Z,s_0183_01,{}
evt_000433,user_0101,signup_started,2026-05-28T15:00:00Z,s_0101_01,{}
evt_000434,user_0101,signup_completed,2026-05-28T15:08:00Z,s_0101_01,{}
evt_000435,user_0101,onboarding_step_viewed,2026-05-28T15:12:00Z,s_0101_01,"{""step"":1}"
evt_000436,user_0101,session_abandoned,2026-05-28T15:15:00Z,s_0101_01,{}
evt_000591,user_0138,signup_started,2026-05-28T16:00:00Z,s_0138_01,{}
evt_000592,user_0138,session_abandoned,2026-05-28T16:05:00Z,s_0138_01,{}
evt_000582,user_0136,signup_started,2026-05-28T19:00:00Z,s_0136_01,{}
evt_000583,user_0136,signup_completed,2026-05-28T19:05:00Z,s_0136_01,{}
evt_000584,user_0136,onboarding_step_viewed,2026-05-28T19:12:00Z,s_0136_01,"{""step"":1}"
evt_000585,user_0136,error_shown,2026-05-28T19:13:00Z,s_0136_01,"{""code"":""onboarding_timeout""}"
evt_000586,user_0136,feature_used,2026-05-28T19:19:00Z,s_0136_01,"{""feature"":""board""}"
evt_000503,user_0121,signup_started,2026-05-28T20:00:00Z,s_0121_01,{}
evt_000504,user_0121,signup_completed,2026-05-28T20:02:00Z,s_0121_01,{}
evt_000505,user_0121,session_abandoned,2026-05-28T20:04:00Z,s_0121_01,{}
evt_000044,user_0010,return_visit,2026-05-29T00:00:00Z,s_0010_03,{}
evt_000694,user_0157,return_visit,2026-05-29T00:00:00Z,s_0157_02,{}
evt_000045,user_0010,feature_used,2026-05-29T00:04:00Z,s_0010_03,"{""feature"":""insights""}"
evt_000640,user_0145,return_visit,2026-05-29T02:00:00Z,s_0145_02,{}
evt_000641,user_0145,feature_used,2026-05-29T02:05:00Z,s_0145_02,"{""feature"":""board""}"
evt_000605,user_0141,signup_started,2026-05-29T08:00:00Z,s_0141_01,{}
evt_000763,user_0175,signup_started,2026-05-29T08:00:00Z,s_0175_01,{}
evt_000606,user_0141,signup_completed,2026-05-29T08:01:00Z,s_0141_01,{}
evt_000764,user_0175,signup_completed,2026-05-29T08:05:00Z,s_0175_01,{}
evt_000607,user_0141,onboarding_step_viewed,2026-05-29T08:07:00Z,s_0141_01,"{""step"":1}"
evt_000765,user_0175,onboarding_step_viewed,2026-05-29T08:20:00Z,s_0175_01,"{""step"":1}"
evt_000608,user_0141,feature_used,2026-05-29T08:29:00Z,s_0141_01,"{""feature"":""board""}"
evt_000609,user_0141,activation_completed,2026-05-29T08:39:00Z,s_0141_01,{}
evt_000766,user_0175,feature_used,2026-05-29T08:43:00Z,s_0175_01,"{""feature"":""board""}"
evt_000767,user_0175,activation_completed,2026-05-29T08:56:00Z,s_0175_01,{}
evt_000226,user_0054,signup_started,2026-05-29T09:00:00Z,s_0054_01,{}
evt_000227,user_0054,signup_completed,2026-05-29T09:04:00Z,s_0054_01,{}
evt_000228,user_0054,onboarding_step_viewed,2026-05-29T09:17:00Z,s_0054_01,"{""step"":1}"
evt_000229,user_0054,feature_used,2026-05-29T09:27:00Z,s_0054_01,"{""feature"":""board""}"
evt_000493,user_0117,signup_started,2026-05-29T13:00:00Z,s_0117_01,{}
evt_000494,user_0117,signup_completed,2026-05-29T13:05:00Z,s_0117_01,{}
evt_000495,user_0117,session_abandoned,2026-05-29T13:07:00Z,s_0117_01,{}
evt_000121,user_0029,return_visit,2026-05-29T14:00:00Z,s_0029_02,{}
evt_000173,user_0041,signup_started,2026-05-29T14:00:00Z,s_0041_01,{}
evt_000174,user_0041,signup_completed,2026-05-29T14:06:00Z,s_0041_01,{}
evt_000175,user_0041,session_abandoned,2026-05-29T14:08:00Z,s_0041_01,{}
evt_000122,user_0029,invite_sent,2026-05-29T14:12:00Z,s_0029_02,{}
evt_000005,user_0002,signup_started,2026-05-29T16:00:00Z,s_0002_01,{}
evt_000512,user_0123,signup_started,2026-05-29T16:00:00Z,s_0123_01,{}
evt_000513,user_0123,signup_completed,2026-05-29T16:04:00Z,s_0123_01,{}
evt_000006,user_0002,signup_completed,2026-05-29T16:07:00Z,s_0002_01,{}
evt_000007,user_0002,onboarding_step_viewed,2026-05-29T16:10:00Z,s_0002_01,"{""step"":1}"
evt_000008,user_0002,feature_used,2026-05-29T16:13:00Z,s_0002_01,"{""feature"":""board""}"
evt_000514,user_0123,onboarding_step_viewed,2026-05-29T16:16:00Z,s_0123_01,"{""step"":1}"
evt_000515,user_0123,session_abandoned,2026-05-29T16:19:00Z,s_0123_01,{}
evt_000646,user_0147,signup_started,2026-05-29T17:00:00Z,s_0147_01,{}
evt_000647,user_0147,signup_completed,2026-05-29T17:06:00Z,s_0147_01,{}
evt_000648,user_0147,session_abandoned,2026-05-29T17:08:00Z,s_0147_01,{}
evt_000803,user_0182,signup_started,2026-05-29T19:00:00Z,s_0182_01,{}
evt_000804,user_0182,signup_completed,2026-05-29T19:02:00Z,s_0182_01,{}
evt_000805,user_0182,session_abandoned,2026-05-29T19:04:00Z,s_0182_01,{}
evt_000787,user_0178,return_visit,2026-05-29T23:00:00Z,s_0178_02,{}
evt_000788,user_0178,feature_used,2026-05-29T23:05:00Z,s_0178_02,"{""feature"":""board""}"
evt_000789,user_0178,invite_sent,2026-05-29T23:12:00Z,s_0178_02,{}
evt_000110,user_0026,return_visit,2026-05-30T04:00:00Z,s_0026_03,{}
evt_000111,user_0026,feature_used,2026-05-30T04:04:00Z,s_0026_03,"{""feature"":""insights""}"
evt_000654,user_0148,return_visit,2026-05-30T22:00:00Z,s_0148_02,{}
evt_000655,user_0148,feature_used,2026-05-30T22:05:00Z,s_0148_02,"{""feature"":""board""}"
evt_000656,user_0148,billing_viewed,2026-05-30T22:18:00Z,s_0148_02,{}
evt_000735,user_0168,return_visit,2026-05-31T03:00:00Z,s_0168_03,{}
evt_000736,user_0168,feature_used,2026-05-31T03:04:00Z,s_0168_03,"{""feature"":""insights""}"
evt_000309,user_0071,return_visit,2026-06-01T08:00:00Z,s_0071_02,{}
evt_000310,user_0071,feature_used,2026-06-01T08:05:00Z,s_0071_02,"{""feature"":""board""}"
evt_000311,user_0071,billing_viewed,2026-06-01T08:18:00Z,s_0071_02,{}
evt_000587,user_0136,return_visit,2026-06-01T09:00:00Z,s_0136_02,{}
evt_000230,user_0054,return_visit,2026-06-03T01:00:00Z,s_0054_02,{}
evt_000746,user_0170,return_visit,2026-06-03T03:00:00Z,s_0170_02,{}
evt_000527,user_0125,return_visit,2026-06-03T07:00:00Z,s_0125_02,{}
evt_000528,user_0125,invite_sent,2026-06-03T07:12:00Z,s_0125_02,{}
evt_000820,user_0186,return_visit,2026-06-04T02:00:00Z,s_0186_02,{}
evt_000942,user_0213,return_visit,2026-06-04T11:00:00Z,s_0213_03,{}
evt_000943,user_0213,feature_used,2026-06-04T11:04:00Z,s_0213_03,"{""feature"":""insights""}"
evt_000375,user_0085,return_visit,2026-06-05T02:00:00Z,s_0085_03,{}
evt_000376,user_0085,feature_used,2026-06-05T02:04:00Z,s_0085_03,"{""feature"":""insights""}"
evt_000676,user_0153,return_visit,2026-06-07T08:00:00Z,s_0153_03,{}
evt_000677,user_0153,feature_used,2026-06-07T08:04:00Z,s_0153_03,"{""feature"":""insights""}"
evt_000610,user_0141,return_visit,2026-06-08T18:00:00Z,s_0141_02,{}
evt_000611,user_0141,feature_used,2026-06-08T18:05:00Z,s_0141_02,"{""feature"":""board""}"
evt_000612,user_0141,invite_sent,2026-06-08T18:12:00Z,s_0141_02,{}
evt_000295,user_0069,return_visit,2026-06-09T13:00:00Z,s_0069_03,{}
evt_000296,user_0069,feature_used,2026-06-09T13:04:00Z,s_0069_03,"{""feature"":""insights""}"
evt_000854,user_0194,return_visit,2026-06-11T19:00:00Z,s_0194_03,{}
evt_000855,user_0194,feature_used,2026-06-11T19:04:00Z,s_0194_03,"{""feature"":""insights""}"
evt_000488,user_0115,return_visit,2026-06-12T11:00:00Z,s_0115_03,{}
evt_000489,user_0115,feature_used,2026-06-12T11:04:00Z,s_0115_03,"{""feature"":""insights""}"
evt_000302,user_0070,return_visit,2026-06-13T23:00:00Z,s_0070_03,{}
evt_000303,user_0070,feature_used,2026-06-13T23:04:00Z,s_0070_03,"{""feature"":""insights""}"
evt_000821,user_0186,return_visit,2026-06-14T21:00:00Z,s_0186_03,{}
evt_000822,user_0186,feature_used,2026-06-14T21:04:00Z,s_0186_03,"{""feature"":""insights""}"
evt_000123,user_0029,return_visit,2026-06-17T08:00:00Z,s_0029_03,{}
evt_000124,user_0029,feature_used,2026-06-17T08:04:00Z,s_0029_03,"{""feature"":""insights""}"
evt_000768,user_0175,return_visit,2026-06-17T22:00:00Z,s_0175_03,{}
evt_000769,user_0175,feature_used,2026-06-17T22:04:00Z,s_0175_03,"{""feature"":""insights""}"
